"ID","alpha","alpha_se","beta","beta_se","p.joint","fdr_value"
"Mediator423",0.21012203899177,0.122550646411765,3.21691207409397,0.145398763002689,0.0871276866561656,0.340561200967088
"Mediator425",0.209540543493475,0.122543171108714,0.48255196104069,0.145532026603047,0.087983357977205,0.340561200967088
"Mediator426",0.209246689788689,0.122539538371473,0.408695172743238,0.145455023208414,0.0884187585266578,0.340561200967088
"Mediator427",0.208951181698185,0.122536008330203,-0.246720388196784,0.145519514728028,0.0899909644195249,0.340561200967088
"Mediator434",0.206827608890648,0.12251087865274,-1.53846145587599,0.145100815741519,0.0920739883584149,0.340561200967088
"Mediator435",0.206518104898798,0.122507238339758,-1.59708803836133,0.144938273206648,0.0925505102907882,0.340561200967088
"Mediator438",0.205584438906894,0.122497166100089,-0.345581868442327,0.144769585811965,0.0940026661860015,0.340561200967088
"Mediator439",0.205271895134124,0.122494045111147,-0.326831793267208,0.144633267763889,0.0944935761229156,0.340561200967088
"Mediator440",0.204958997707819,0.122490844596062,-0.26104057754988,0.144610076306848,0.0949869255418653,0.340561200967088
"Mediator430",0.208050217404448,0.122525255000008,0.238784177663414,0.145256305919156,0.100200648669784,0.340561200967088
"Mediator982",0.186338122968441,0.124820628417932,1.9619908651327,0.147826805755445,0.136193870315147,0.340561200967088
"Mediator981",0.186416976020998,0.124922596361385,7.09446325807667,0.147913535715818,0.136347667838486,0.340561200967088
"Mediator983",0.186049587675223,0.124701611020655,-0.461219672484457,0.147121683327564,0.136426720758613,0.340561200967088
"Mediator980",0.186295994265162,0.125021728411615,2.93943224654474,0.148538664150107,0.136912065250322,0.340561200967088
"Mediator984",0.185531305015822,0.12454567295726,-3.99298619923949,0.146988788378856,0.137028829367963,0.340561200967088
"Mediator979",0.185981295953968,0.12512539463163,5.65899686386248,0.148639211489871,0.137900277040241,0.340561200967088
"Mediator985",0.184787458707266,0.124330577426473,-1.9111344069677,0.147268111496102,0.137926750389091,0.340561200967088
"Mediator986",0.183808787329857,0.124034459090251,-5.24408033983093,0.147519604295757,0.139078149479973,0.340561200967088
"Mediator978",0.185490031623423,0.125240614718352,4.22445868013903,0.149019442713795,0.139303827301488,0.340561200967088
"Mediator987",0.182617803529245,0.123647555328424,-2.88233885389733,0.147932263781919,0.140411877160392,0.340561200967088
"Mediator977",0.18486596199329,0.125369640310574,2.8624361030132,0.149466791344141,0.141044060681762,0.340561200967088
"Mediator989",0.179818895002696,0.122658940957193,7.16092972434737,0.150341611692437,0.143360580760997,0.340561200967088
"Mediator92",0.187338571872341,0.13064132985687,-5.40912448437109,0.157417725367024,0.152284921674077,0.340561200967088
"Mediator93",0.186880059543475,0.130322653461321,-0.386540764831565,0.157789062892231,0.152288276994441,0.340561200967088
"Mediator431",0.207746592839629,0.122521612528075,0.20779884947466,0.145181216765969,0.15234233218646,0.340561200967088
"Mediator91",0.187051948438288,0.13072142656887,-3.97633329600609,0.157448019703372,0.153162865335842,0.340561200967088
"Mediator90",0.186146033022617,0.130599519536163,-1.13977694727877,0.157450293924847,0.154773859686123,0.340561200967088
"Mediator96",0.18264173782514,0.128566433312699,-1.69220383683502,0.158055666157842,0.156140718120478,0.340561200967088
"Mediator101",0.175907597180532,0.126213018437705,0.415835975027872,0.158076584085646,0.164100932710253,0.340561200967088
"Mediator105",0.172880066101929,0.125219743756797,0.541016507085589,0.157977516204501,0.168098747264292,0.340561200967088
"Mediator106",0.172355366348021,0.125045796167443,0.560439073865855,0.157782643190038,0.168799409404059,0.340561200967088
"Mediator107",0.171906728761672,0.124894193474151,0.677199325184342,0.157893825899037,0.169392013718417,0.340561200967088
"Mediator109",0.171205243779733,0.124644274015842,2.33583971352073,0.157263806646879,0.170280600467412,0.340561200967088
"Mediator78",0.165808547368515,0.12646899987449,0.55816501481041,0.155031056115039,0.190521030170795,0.366614844928883
"Mediator77",0.163888401336612,0.126106348193878,3.77645949884552,0.154171809918555,0.194416963219779,0.366614844928883
"Mediator441",0.204645659901647,0.122487671368267,-0.164225038413559,0.14464347830095,0.256216929116747,0.469731036734556
"Mediator102",0.174981852288166,0.12590843110965,-0.14539908969321,0.158095291305744,0.357733354024149,0.62840658520487
"Mediator447",0.202754343217321,0.122470353312138,0.131946329532309,0.144690389604741,0.361809852014257,0.62840658520487
"Mediator445",0.203384385639017,0.122475913830673,-0.124701254556505,0.144732507721784,0.388908713515505,0.658153207552757
"Mediator446",0.203069187610739,0.122473122517283,-0.101906116183621,0.144640597802734,0.481092118450826,0.793801995462718
"Mediator976",0.184127280519221,0.125512498996946,0.0998237253970961,0.150343746672729,0.506709563626175,0.815678809773262
"Mediator104",0.17347933302285,0.125417264541777,0.087688412596141,0.15798920160619,0.578875586615016,0.903963179130389
"Mediator429",0.208352560729811,0.122528905841202,0.076055723311882,0.145340619535129,0.600770397867911,0.903963179130389
"Mediator80",0.169852206742988,0.127284625314478,0.0794193145610828,0.155795611804046,0.610215368984489,0.903963179130389
"Mediator424",0.20983266801799,0.122546916155657,0.0465845954993892,0.145821997910632,0.749376158798327,0.903963179130389
"Mediator100",0.176962223385835,0.126564488471899,0.0276354311206832,0.15799393221707,0.861146809288191,0.903963179130389
"Mediator99",0.178170704419339,0.126973225238463,0.0214118348241606,0.157976203576589,0.892186240814771,0.903963179130389
"Mediator94",0.185779890794141,0.129810672324423,-0.0175477833978941,0.157762243632183,0.911434520400434,0.903963179130389
"Mediator436",0.2062077599466,0.122503693840338,-0.0158163144297755,0.145462454041824,0.913415655020273,0.903963179130389
"Mediator95",0.184285970121819,0.129197165820504,-0.015562278628409,0.157778230444521,0.921428970935831,0.903963179130389
"Mediator432",0.207441953746752,0.122518081725879,0.013701724743295,0.145158158214457,0.924798011979954,0.903963179130389
"Mediator448",0.202439583284674,0.122467691859993,-0.00707573738338949,0.144573987395046,0.960965532714307,0.903963179130389
"Mediator88",0.183447058865561,0.130072476804312,-0.00705582229453908,0.157023870269747,0.96415934907547,0.903963179130389
"Mediator428",0.208653372022164,0.12253250147703,-0.00494191592360956,0.145476624451966,0.972900662359969,0.903963179130389
"Mediator85",0.17904674532064,0.129198561481902,-0.00497364492783312,0.152887071337639,0.974048200297108,0.903963179130389
"Mediator988",0.181264007090452,0.123180731391096,-0.00482208024746731,0.148779613321572,0.974144375054372,0.903963179130389
"Mediator81",0.171894776196515,0.127713220423716,-0.00475084984624781,0.156049865138344,0.975712607922141,0.903963179130389
"Mediator84",0.177459696489666,0.12887967578024,-0.00430899713332969,0.152860415799521,0.977511332869441,0.903963179130389
"Mediator87",0.181995066167729,0.129781150499983,-0.00413481685646535,0.156979923766867,0.978986325039971,0.903963179130389
"Mediator83",0.175738601336789,0.128524542514837,-0.00398294283227003,0.152510209699289,0.979164887455556,0.903963179130389
"Mediator437",0.205896499986589,0.122500320976518,-0.00331036192276513,0.145263441242525,0.981818838586059,0.903963179130389
"Mediator89",0.184870822614305,0.13035860638513,-0.00245938428316356,0.157185514099259,0.987516504318118,0.903963179130389
"Mediator86",0.180540174664624,0.129493365992806,-0.00222572800230435,0.156737418706049,0.988670131600952,0.903963179130389
"Mediator108",0.17152518917922,0.124761280384581,0.000842890174097945,0.156706934523476,0.99570838511017,0.903963179130389
"Mediator82",0.173874196600013,0.128132149114848,-0.000726478488285726,0.156135236421104,0.99628755243618,0.903963179130389
"Mediator97",0.181030719571386,0.127975210015729,-0.000660008429322345,0.158103861284889,0.996669221093208,0.903963179130389
"Mediator444",0.203700035482126,0.122478703069237,0.00050339743388608,0.144648640700495,0.997223256107072,0.903963179130389
"Mediator103",0.174174803924844,0.125644795397609,0.000435539418528217,0.158028802057756,0.997800972144351,0.903963179130389
"Mediator433",0.207135787647912,0.122514552411567,-0.000396163162487507,0.145114193861915,0.997821770084243,0.903963179130389
"Mediator98",0.179521676262415,0.127440514935454,-0.000286323456169156,0.157949558294382,0.998553633562377,0.903963179130389
"Mediator443",0.204015670670399,0.122481593520297,-0.000161229316744757,0.144970618925929,0.999112631531732,0.903963179130389
"Mediator79",0.167807793897425,0.126865081913411,-5.62147503296734e-05,0.153448106565376,0.999707700007657,0.903963179130389
"Mediator442",0.204331149928605,0.122484589331332,-2.93934281452473e-05,0.144824118943276,0.999838061764047,0.903963179130389
