"replicate","SNP","cox_warning"
896,"rs4639533","Loglik converged before variable  12 ; coefficient may be infinite. "
1157,"rs11719939","Loglik converged before variable  22 ; coefficient may be infinite. "
1632,"rs929708","Loglik converged before variable  19 ; coefficient may be infinite. "
2403,"rs11719939","Loglik converged before variable  13 ; coefficient may be infinite. "
2593,"rs11719939","Loglik converged before variable  22 ; coefficient may be infinite. "
3676,"rs2515029","Loglik converged before variable  12 ; coefficient may be infinite. "
4079,"rs2515029","Loglik converged before variable  6 ; coefficient may be infinite. "
4083,"rs2515029","Loglik converged before variable  14 ; coefficient may be infinite. "
4740,"rs929708","Loglik converged before variable  20 ; coefficient may be infinite. "
4847,"rs4639533","Loglik converged before variable  6 ; coefficient may be infinite. "
