"SNP","effect","point_log_HR","bootstrap_mean_log_HR","bootstrap_bias_log_HR","bootstrap_SE_log_HR","bias_correction_z0","jackknife_acceleration","adjusted_lower_probability","adjusted_upper_probability","BCa_CI_2.5_log_HR","BCa_CI_97.5_log_HR","percentile_CI_2.5_log_HR","percentile_CI_97.5_log_HR","point_HR","BCa_CI_2.5_HR","BCa_CI_97.5_HR","percentile_CI_2.5_HR","percentile_CI_97.5_HR","successful_bootstrap_replicates","jackknife_replicates"
"rs929708","direct_log_HR",-0.126828461534547,-0.152588493347653,-0.0257600318131062,0.185184211339221,0.141398648343139,0.0025848037779755,0.0475925616767909,0.98790938135774,-0.465460024499536,0.259036743946346,-0.522539114658145,0.203550235545026,0.880884765258558,0.627846214105817,1.2956814124017,0.593012906978938,1.22574673214973,4998,332
"rs929708","indirect_log_HR_coordinate_1",0.020277640071581,0.0334009314772949,0.0131232914057139,0.0530948133735814,-0.237427793511801,0.00107552406396269,0.00755694216301752,0.931664832869769,-0.0930087907530754,0.112994858459716,-0.068027203562638,0.13975692299657,1.02048462812407,0.911185490254283,1.1196261763307,0.93423505870959,1.14999422772911,4998,332
"rs929708","indirect_log_HR_coordinate_2",0.0475853407688388,0.0518169012757217,0.00423156050688286,0.0484340359141399,-0.0305978759625904,-0.00234909891259381,0.0211522925266387,0.970625250920928,-0.0371809680365881,0.152500908707442,-0.0341008582782235,0.158501269215745,1.04873569721311,0.963501756549903,1.16474352050524,0.966474022815776,1.17175341143214,4998,332
"rs929708","indirect_log_HR",0.0678629808404199,0.0852178327530166,0.0173548519125968,0.0817858607547562,-0.180012369792705,-0.00167036998624345,0.00996493295620895,0.944606171768432,-0.0973123807149691,0.217869274633264,-0.0675353088746958,0.256306051652219,1.07021865797096,0.907272547415026,1.24342450986902,0.934694717014729,1.29214813150022,4998,332
"rs929708","total_log_HR",-0.0589654806941271,-0.0673706605946365,-0.0084051799005094,0.190433321882664,0.0541913489633724,0.00610437815150608,0.0336499988963388,0.981844130755381,-0.415646496620012,0.324258535840622,-0.43552500774942,0.304771897854475,0.942739311302076,0.659913510912928,1.3830048172159,0.646924937300079,1.35631558922268,4998,332
"rs11719939","direct_log_HR",0.0483696037603375,0.0307941079360098,-0.0175754958243277,0.185947969641527,0.105789396847581,-0.0014753994557903,0.0397605558865786,0.984816335224871,-0.290335192338805,0.431738030314522,-0.341805272937635,0.397034747001087,1.04955850441474,0.748012797393776,1.53993164690601,0.710486542196926,1.48740761210732,4997,332
"rs11719939","indirect_log_HR_coordinate_1",0.0158184159841343,0.0310487644730745,0.0152303484889401,0.0559471281557615,-0.266214463682543,-0.001835248063609,0.00618297726513658,0.922528442491808,-0.109153434537696,0.1115592123586,-0.0759443743337087,0.149209218718501,1.01594418943003,0.896592838636133,1.11801994264339,0.926867762762312,1.16091584912902,4997,332
"rs11719939","indirect_log_HR_coordinate_2",0.0474355611234176,0.0547511515247239,0.00731559040130634,0.0516432631743832,-0.0921788603035589,-0.00303496490707477,0.0154957071661636,0.961224679751176,-0.0479124853899248,0.153670654712386,-0.0383047026050618,0.168794250189358,1.04857862971529,0.95321720385927,1.16610677175854,0.962419644436549,1.18387653149156,4997,332
"rs11719939","indirect_log_HR",0.0632539771075519,0.0857999159977984,0.0225459388902465,0.0882306318011144,-0.227941377036258,-0.0014508444522701,0.00770040602904366,0.933159085006683,-0.122404097280929,0.220122081493398,-0.0839788255926566,0.268644335262395,1.06529736601975,0.884790754713943,1.24622886278161,0.919450724713183,1.30818978132004,4997,332
"rs11719939","total_log_HR",0.111623580867889,0.116594023933808,0.00497044306591878,0.187492232575748,0.00326057887827754,0.00294831833943889,0.0260552737828415,0.97603084374387,-0.234151268115423,0.500408729451744,-0.23676120605171,0.495127360496545,1.11809191023665,0.791242117138607,1.64939528937744,0.78917971685938,1.64070718703293,4997,332
"rs4639533","direct_log_HR",-0.167455415441552,-0.173394161755518,-0.00593874631396685,0.179269646099799,0.0285908918708864,0.00289072964759626,0.0292415559026885,0.978752657877633,-0.515768911632932,0.192163085298947,-0.530681979357854,0.180601007101263,0.845814326706495,0.597041346043764,1.21186813872755,0.588203690086856,1.19793711552529,4998,332
"rs4639533","indirect_log_HR_coordinate_1",0.0499752973275523,0.0551789622205918,0.00520366489303945,0.0563846373522158,-0.0672551873045025,0.00805900893756367,0.0196092333928106,0.968185529759156,-0.058451386974309,0.163779516846765,-0.0523381540362144,0.172178099540219,1.05124512749123,0.943224092262188,1.1779545673214,0.949007901725755,1.18788937692729,4998,332
"rs4639533","indirect_log_HR_coordinate_2",0.0731989292647389,0.0716155823628946,-0.00158334690184433,0.0560562564969189,0.119648113039842,0.00520908081833172,0.0442659449398723,0.986859532861395,-0.0161764325722385,0.213514016021712,-0.0285552648044166,0.197065393937302,1.07594455248574,0.983953703257077,1.2380208502736,0.971848583640103,1.21782367638717,4998,332
"rs4639533","indirect_log_HR",0.123174226592291,0.126794544583486,0.00362031799119512,0.0874169643633098,-0.000501526286457132,0.0140098450664762,0.0281593972149671,0.978009401302179,-0.0343135169184183,0.313385929643587,-0.0391926947459088,0.308155263110132,1.13108146825137,0.966268515616516,1.36804939997826,0.961565402692204,1.36091227200646,4998,332
"rs4639533","total_log_HR",-0.0442811888492603,-0.046599617172032,-0.00231842832277173,0.183427874160047,-0.00501528367920832,0.00180321363213504,0.0248197948935412,0.974817409277901,-0.407914954585468,0.30840291654446,-0.407773350425758,0.308446844334846,0.956684910519224,0.665035434631679,1.36124934834178,0.665129613083449,1.3613091463312,4998,332
"rs2515029","direct_log_HR",-0.0195225696251519,-0.00490772377760153,0.0146148458475504,0.149615361967306,-0.106798333761695,-0.00710065172406032,0.0137501200147772,0.957492298048031,-0.345921151468636,0.250548610024006,-0.29981968715649,0.286647745678929,0.980666761657685,0.707568275626424,1.28473003916622,0.740951811765345,1.33195494394494,4997,332
"rs2515029","indirect_log_HR_coordinate_1",0.00419157038828132,-0.000795810427360159,-0.00498738081564148,0.0469726982689828,0.101754715472522,-0.0075946328234607,0.0372887765093887,0.983483777465308,-0.0845457629112682,0.10283486650117,-0.0945955497676773,0.0888275463912664,1.00420036730611,0.91892960152077,1.10830837512414,0.909740804950481,1.09289216687582,4997,332
"rs2515029","indirect_log_HR_coordinate_2",-0.0528440717007868,-0.060542858636667,-0.00769878693588028,0.0441692075361924,0.133071945692427,0.00324178976196056,0.0461813311232822,0.987467728484067,-0.138109983021735,0.0339957175809586,-0.152411992311509,0.0202627701372258,0.948527903294534,0.871002890947778,1.03458017621278,0.858634457065104,1.02046945369746,4997,332
"rs2515029","indirect_log_HR",-0.0486525013125054,-0.0613386690640272,-0.0126861677515217,0.0718333305707665,0.147256257010393,-0.00200105852206163,0.0472571619713074,0.987636088608275,-0.181021830159756,0.0974835874750016,-0.205680919771308,0.0781014487362718,0.952512068888469,0.834417143037429,1.10239334835646,0.81409279576049,1.08123234276112,4997,332
"rs2515029","total_log_HR",-0.0681750709376573,-0.0662463928416287,0.0019286780960286,0.152236021361204,-0.0168052831195888,-0.00441595507696514,0.0221636595073681,0.971921882318451,-0.380464010474975,0.21897019527991,-0.369621083026857,0.226501499183251,0.934096926036717,0.683544163963302,1.24479417539267,0.690996111192582,1.25420449011486,4997,332
