"SNP_model","parameter","log_HR_coefficient","HR"
"rs929708","SNP",-0.126828461534547,0.880884765258558
"rs929708","male",-0.296908263229957,0.743112179946323
"rs929708","age_z",-0.00581336324628028,0.994203501653414
"rs929708","handedness",0.187060066975921,1.20569970561005
"rs929708","APOE4",0.553476592232477,1.73928931864452
"rs929708","PC1",0.0252692162658249,1.02559118919189
"rs929708","PC2",0.0108654886304321,1.01092473242853
"rs929708","education_years",-0.0456966367223329,0.95533173080103
"rs11719939","SNP",0.0483696037603375,1.04955850441474
"rs11719939","male",-0.328203571758064,0.72021638906437
"rs11719939","age_z",0.00258229489363846,1.00258563188885
"rs11719939","handedness",0.205450877053191,1.2280786526378
"rs11719939","APOE4",0.55076912364049,1.73458661652377
"rs11719939","PC1",0.0240241525039464,1.02431505736533
"rs11719939","PC2",-0.00553545461667495,0.994479837782427
"rs11719939","education_years",-0.0433591560952277,0.957567412127185
"rs4639533","SNP",-0.167455415441552,0.845814326706495
"rs4639533","male",-0.327333408398027,0.7208433677248
"rs4639533","age_z",0.00716855059695456,1.00719430616236
"rs4639533","handedness",0.144458477229955,1.15541371798957
"rs4639533","APOE4",0.547494556271004,1.72891588545239
"rs4639533","PC1",0.0325374745063521,1.03307260630454
"rs4639533","PC2",-0.0165135750688174,0.983622026563339
"rs4639533","education_years",-0.0440446432497052,0.956911236892167
"rs2515029","SNP",-0.0195225696251519,0.980666761657685
"rs2515029","male",-0.321454086491341,0.725093920869201
"rs2515029","age_z",0.00311046425263386,1.00311530676609
"rs2515029","handedness",0.203632574024593,1.22584766242716
"rs2515029","APOE4",0.550815793731408,1.73466757172795
"rs2515029","PC1",0.0223585038312518,1.02261032848343
"rs2515029","PC2",-0.000948301494569131,0.999052148001196
"rs2515029","education_years",-0.0434772560254383,0.957454330160258
