"grid","alpha_coordinate_1","alpha_coordinate_2","beta_coordinate_1","beta_coordinate_2","indirect_integrand_coordinate_1","indirect_integrand_coordinate_2","indirect_integrand_total"
0,-0.00645979091467388,0.0158906130324127,-37.3339588179833,1.16015830753687,0.241169567981218,0.0184356267214073,0.259605194702625
0.0101010101010101,-0.00423086355065783,0.0158893627495487,-42.362923873143,4.979792594496,0.179231750514173,0.0791257309514631,0.258357481465636
0.0202020202020202,0.00123841356290306,0.0158121291046418,-49.3049051264067,6.77711538919556,-0.0610598632261908,0.107160623491015,0.0461007602648239
0.0303030303030303,0.00505290969965736,0.0166186505594796,-49.6926715136992,0.824182679372737,-0.251092581893458,0.0136968039456711,-0.237395777947787
0.0404040404040404,0.00347231584273027,0.0173025518247758,-46.7841135558371,-11.4792218066903,-0.162449218688025,-0.198619830218355,-0.36106904890638
0.0505050505050505,0.00347095738880369,0.0130686836751024,-42.1078407350176,-26.6462472884423,-0.146154520925778,-0.348231376941209,-0.494385897866987
0.0606060606060606,0.00760342000470185,0.00966025506374622,-24.9832214868247,-33.966958651558,-0.18995792603482,-0.328129484313772,-0.518087410348592
0.0707070707070707,0.0154587063397527,0.0130504977907771,-1.94648520505437,-24.2221669281748,-0.0300901431796088,-0.316111335983981,-0.34620147916359
0.0808080808080808,0.0223351118620953,0.0178814799364642,13.2286952723887,0.0926424185153637,0.295464388698373,0.001656583547948,0.297120972246321
0.0909090909090909,0.0242670950800858,0.0179604109404059,18.8877273261694,24.1909740444411,0.458350274870888,0.434479834886855,0.892830109757743
0.101010101010101,0.023664315824653,0.0148638234971206,17.031005057069,35.9770687061108,0.403027082481743,0.534756799191411,0.937783881673153
0.111111111111111,0.0213046416843071,0.0112765589816145,6.21646626495861,28.4330834300125,0.132439586317526,0.320627342327701,0.453066928645227
0.121212121212121,0.0171832769476063,0.00909920621582061,-11.9113392769417,9.86383396440176,-0.20467584161259,0.0897530593207069,-0.114922782291883
0.131313131313131,0.0119397299510918,0.00789900290419745,-28.7914852799191,-6.35517020453677,-0.343762559133069,-0.050199507902305,-0.393962067035374
0.141414141414141,0.00762830443026786,0.00633748204443397,-38.6051853399148,-14.1911697644482,-0.294492106359784,-0.0899362835717044,-0.384428389931488
0.151515151515152,0.0058005520190149,0.00373936031157029,-38.420719498721,-17.8918903512958,-0.222861382060311,-0.0669042246786029,-0.289765606738914
0.161616161616162,0.00465971526528718,0.00242594714594559,-28.7914863807479,-19.0992344006649,-0.134160128598679,-0.0463337331840389,-0.180493861782718
0.171717171717172,0.00276682521259623,0.00346354841634333,-14.4283257915533,-13.4294039315835,-0.0399206555756221,-0.0465133907196708,-0.0864340462952929
0.181818181818182,0.00257197285480606,0.00203795206196926,1.45687847166456,-2.3591128881977,0.0037470518818726,-0.00480775897492075,-0.00106070709304815
0.191919191919192,0.00415850248160863,-0.000124849253074361,16.2006474837485,8.16650079904895,0.0673704327648346,-0.00101958152499244,0.0663508512398422
0.202020202020202,0.00666385708358741,-5.16922134945178e-05,25.1237409086812,13.1491636867451,0.16742101882053,-0.000679709376569589,0.16674130944396
0.212121212121212,0.00900348692610296,0.00167491261298775,25.3617851343281,15.064453926538,0.228344500879555,0.0252316438893314,0.253576144768887
0.222222222222222,0.0101930077671679,0.00373965857992761,19.7005808783894,15.5279710424084,0.200808173911144,0.0580693101376101,0.258877484048754
0.232323232323232,0.0100009400253895,0.00529875362529814,12.1165622221581,16.9915662067845,0.121177012097702,0.0900341230376928,0.211211135135395
0.242424242424242,0.00887246765238515,0.00505262814429899,5.14071458914546,19.1789149943511,0.0456108239023376,0.0969039256775763,0.142514749579914
0.252525252525253,0.00707598282928541,0.0027563373760602,0.229474376768238,16.7509285555888,0.00162375674977302,0.0461712104614834,0.0477949672112564
0.262626262626263,0.00396662243864082,0.00191169018873745,-3.38268815190002,12.4402408233684,-0.0134178467262511,0.0237818863275645,0.0103640396013135
0.272727272727273,-0.000147871802560515,0.00289351255212187,-5.91098541623863,10.5425065376322,0.000874068068408121,0.0305048749974658,0.0313789430658739
0.282828282828283,-0.00443553962387991,0.00472760816476409,-7.55822734005965,9.29679721192999,0.0335248168531271,0.0439516144052762,0.0774764312584033
0.292929292929293,-0.00722719311076446,0.00537827436624823,-11.366722214587,7.52836764101676,0.0821494964812364,0.040489626703373,0.122639123184609
0.303030303030303,-0.00734627339889337,0.00349930785625347,-16.5411762889468,9.24024486039742,0.121516003357896,0.0323344614336944,0.15385046479159
0.313131313131313,-0.00639237728075662,0.00115140903658167,-18.6505208183466,12.7339586854698,0.119221165553477,0.0146619951019076,0.133883160655385
0.323232323232323,-0.00654068475717822,-0.000300246130024407,-16.6921818561991,11.4321202615795,0.109178299430888,-0.00343244986651284,0.105745849564375
0.333333333333333,-0.00920531660494358,-8.90919916457886e-05,-11.5746092711647,9.67617643052489,0.106547942919586,-0.0008620698297115,0.105685873089874
0.343434343434343,-0.0128825094576103,0.00180739624923714,-4.02809743282747,13.1854669576666,0.0518920032745755,0.0238313635237269,0.0757233667983024
0.353535353535354,-0.0156776101569149,0.00398982868244664,6.1380355802273,21.6130805263205,-0.0962297289560767,0.0862324885999423,-0.00999724035613435
0.363636363636364,-0.0172261642755673,0.00203874112109887,16.6464214288725,29.9290719374546,-0.286753990134083,0.0610176296752148,-0.225736360458868
0.373737373737374,-0.01820579365038,-0.00200706031705232,22.2028242737599,30.5853766054202,-0.40422003718372,-0.0613866956668393,-0.465606732850559
0.383838383838384,-0.019336863023031,-0.0033428826841451,22.2220232703399,17.304281168936,-0.429704220073172,-0.0578461818812142,-0.487550401954386
0.393939393939394,-0.020261784676663,0.00354468920530528,12.8772412597817,-1.38158112550167,-0.260915889635137,-0.00489727570181929,-0.265813165336957
0.404040404040404,-0.0183081238127249,0.0143688125309138,-3.72558043314033,-12.0425342662658,0.0682083878441986,-0.173036917269078,-0.10482852942488
0.414141414141414,-0.0115333017779466,0.0230422274268771,-19.6637870186324,-15.9519657692465,0.226788389783156,-0.367568823160736,-0.14078043337758
0.424242424242424,-0.00309588073170942,0.0269186069820131,-30.6563453326975,-20.510231259203,0.0949083888201282,-0.552106854376684,-0.457198465556556
0.434343434343434,0.00371000002687817,0.0239604494736823,-35.4404643780228,-29.4850631118993,-0.131484123795039,-0.706475364920998,-0.837959488716037
0.444444444444444,0.00915179996017153,0.0137382651453815,-25.116633558543,-34.8436467248938,-0.229862406000717,-0.478691257338594,-0.708553663339311
0.454545454545455,0.0106477526248436,0.00602573285684621,-16.9560320386087,-22.3700881167613,-0.180543634646027,-0.134796174975714,-0.315339809621741
0.464646464646465,0.00651129493462904,0.00910000091230507,1.81473601192197,-26.3862717765062,0.0118162814021164,-0.240115097238536,-0.228298815836419
0.474747474747475,0.00262561120062869,0.0147975187276066,14.0328611130988,-28.0849719034386,0.036844837315419,-0.415587897705439,-0.37874306039002
0.484848484848485,0.00383369093433282,0.0146333206997183,20.1440252429913,-30.0784369764922,0.0772259669550273,-0.440147414423276,-0.362921447468249
0.494949494949495,0.00536148078446644,0.0134615378060149,18.600828331345,-29.9107831948729,0.0997279836736652,-0.402645138785297,-0.302917155111632
0.505050505050505,0.00795623068297116,0.0126612917972941,9.93106997613208,-25.5085250032723,0.0790138836588358,-0.322970878385003,-0.243956994726167
0.515151515151515,0.0128584785932557,0.011454591344073,0.332556337012453,-22.3177486395128,0.00427616854052614,-0.255640690385361,-0.251364521844835
0.525252525252525,0.0158892181763992,0.00833998415348374,-5.16420213320558,-20.4340178385166,-0.0820551344015294,-0.170419384965232,-0.252474519366762
0.535353535353535,0.0154942014077899,0.00403973679660423,-7.69021529226489,-15.0024438955848,-0.119153744607618,-0.0606059246439843,-0.179759669251603
0.545454545454546,0.0119099214893788,-6.1457751803703e-05,-6.13632229363218,-7.81281220708554,-0.0730831167506839,0.000480157873512004,-0.0726029588771719
0.555555555555556,0.00829088251348285,-0.00249409061402171,-0.978010814636203,-0.603290180943983,-0.00810857276106441,0.00150466037782385,-0.00660391238324056
0.565656565656566,0.0070137926265551,-0.00307064189791704,1.26699067380334,2.5466133007641,0.00888640984583596,-0.00781973749911905,0.0010666723467169
0.575757575757576,0.00575867978511726,-0.0052977228022015,3.87787113182419,-0.632925431045375,0.0223314180961258,0.0033530634881423,0.025684481584268
0.585858585858586,0.00602833121280289,-0.00791057446909699,12.8572641774048,-4.57055959255133,0.0775078469519017,0.0361557520223229,0.113663598974225
0.595959595959596,0.00958819120191727,-0.00888674184016423,19.8174865112869,-5.10922383422661,0.190013849811635,0.045404353218386,0.235418203030021
0.606060606060606,0.0139242743838848,-0.00924754807213376,19.4665534457038,-5.04847800738683,0.271057631486536,0.0466860430644198,0.317743674550956
0.616161616161616,0.0161064041299248,-0.010371157230211,14.4979574674991,-4.34948753592298,0.233509962030001,0.0451092191059005,0.278619181135902
0.626262626262626,0.0156647828968683,-0.0118890800014017,8.67762819197544,0.671066624241851,0.135933161687039,-0.00797836478188197,0.127954796905157
0.636363636363636,0.012166137158764,-0.0125077682396766,2.61392509911792,7.84852709726646,0.0318013712786044,-0.098167557955431,-0.0663661866768265
0.646464646464647,0.00600041189534873,-0.0112842010830668,-0.466145774002133,6.28100386513822,-0.00279706664728894,-0.0708761106177394,-0.0736731772650284
0.656565656565657,0.00072590746802011,-0.00907706470557375,2.14823761036084,1.99311040006527,0.00155942172444261,-0.0180915920667444,-0.0165321703423018
0.666666666666667,-0.00208821483723465,-0.00674038221023701,8.74114953908282,1.49766366941468,-0.0182533981619996,-0.010094825554241,-0.0283482237162406
0.676767676767677,-0.00198295235174593,-0.00488831389311838,14.57725021487,-0.543498727268028,-0.0289059925955654,0.00265679237939646,-0.0262492002161689
0.686868686868687,2.67062394327929e-05,-0.00366099797432002,17.1034149465316,-3.60755329871518,0.000456767894680482,0.0132072453188478,0.0136640132135283
0.696969696969697,0.00209963059376897,-0.0027147234528668,17.8658063208207,-0.907027989362769,0.0375115935335463,0.00246233015512973,0.039973923688676
0.707070707070707,0.00148748825041297,-0.000989729454746104,16.841611679016,3.25024701106425,0.0250516994905541,-0.00321686520205078,0.0218348342885033
0.717171717171717,-0.00132220443902961,-4.22111451079707e-05,12.9637157016251,-1.60789509220911,-0.0171406824470066,6.78710930556327e-05,-0.0170728113539509
0.727272727272727,-0.00483639996512942,-0.00151989277562028,8.76364178805816,-7.55145590555922,-0.0423844768381712,0.0114774032762746,-0.0309070735618967
0.737373737373737,-0.00723341881866553,-0.0044553152027726,5.19891167291891,-6.54652623567007,-0.0376059055314715,0.0291668378631305,-0.00843906766834102
0.747474747474748,-0.00733659067761281,-0.0071737662139537,1.46936353983036,-4.41466123712756,-0.0107801188483436,0.0316697476289567,0.0208896287806131
0.757575757575758,-0.00651597023547493,-0.00825570162461391,-3.39694902377533,-3.74105794818905,0.0221344187303456,0.0308850581806391,0.0530194769109847
0.767676767676768,-0.00542100444071373,-0.00810410766704001,-7.99813649631676,-2.5318795639919,0.0433579334639677,0.0205186245865686,0.0638765580505363
0.777777777777778,-0.00399080318546959,-0.00772573726920231,-11.307285639457,0.501174406931154,0.0451251515489596,-0.00387194179399838,0.0412532097549612
0.787878787878788,-0.00138165259505441,-0.00819157078005251,-10.1134827065548,3.81409613770319,0.0139733196265494,-0.0312434384739206,-0.0172701188473713
0.797979797979798,0.00115555642340826,-0.00880795143650018,-3.56899527923499,6.06040624919483,-0.00412417542003375,-0.0533797639283703,-0.057503939348404
0.808080808080808,0.00216987701694892,-0.00874314698753973,6.24249767446245,8.27762891616358,0.0135454522321731,-0.0723725263223274,-0.0588270740901543
0.818181818181818,0.00185313665430047,-0.00851253012894508,13.8798285776606,9.7941540757066,0.02572121909267,-0.0833730316569827,-0.0576518125643127
0.828282828282828,0.000686180720468835,-0.00885634613812949,16.9802307756848,10.037477175212,0.0116515069873865,-0.0888953722172516,-0.0772438652298651
0.838383838383838,-0.00125505446609159,-0.0102147451281577,17.3579800633413,8.47500864492015,-0.0217852104008254,-0.0865700532667923,-0.108355263667618
0.848484848484849,-0.00368913389084345,-0.0135060513805325,18.7881748256627,6.20593591327384,-0.0693120924964442,-0.0838176893089682,-0.153129781805412
0.858585858585859,-0.00648626608044425,-0.0191147384996701,18.6285663141279,5.7062330220115,-0.120829837810634,-0.109073152033932,-0.229902989844566
0.868686868686869,-0.0104504080865664,-0.0246997995581465,13.9515378347975,6.87977558659865,-0.145799263808805,-0.169929077994016,-0.315728341802821
0.878787878787879,-0.0167032094787327,-0.0272353775906286,7.40919198825227,2.57486582762205,-0.123757285847926,-0.0701274430604928,-0.193884728908418
0.888888888888889,-0.0252321457864314,-0.0248927127644317,-3.52734087814902,-5.22302389669147,0.0890023792758951,0.130015233622103,0.219017612897999
0.898989898989899,-0.030224165580065,-0.020683632351697,-13.4553534405344,-10.6947054676939,0.40667683032501,0.221205356003464,0.627882186328474
0.909090909090909,-0.026757772110234,-0.0180780103375121,-14.8731425922413,-8.04913198469771,0.397972160046206,0.145512291227365,0.543484451273571
0.919191919191919,-0.0191919426729989,-0.0170085183492892,-7.45060633124784,0.497846597863981,0.142991609588392,-0.00846763299490072,0.134523976593491
0.929292929292929,-0.0135662967469741,-0.0145535691761957,5.74342565116809,6.75400851308174,-0.0779170167279295,-0.09829493011175,-0.17621194683968
0.93939393939394,-0.0136478176241877,-0.00873460477727778,16.3112114571789,9.25775812478698,-0.222612439197139,-0.0808628583436466,-0.303475297540785
0.94949494949495,-0.0147950519343883,-0.0034464725898416,19.2823847742139,7.17133761937708,-0.285283884153353,-0.024715818537683,-0.309999702691036
0.95959595959596,-0.012546957647786,-0.00155112140365904,17.7586253529241,-1.38705698621672,-0.222816720186037,0.00215149377941554,-0.220665226406621
0.96969696969697,-0.0105331868245826,0.0021683516921753,6.21304156352707,-12.6361460704254,-0.0654431275375273,-0.0273996087143812,-0.0928427362519085
0.97979797979798,-0.0105083602944771,0.00772550615477874,-6.47397138721759,-20.8505038438549,0.0680308238730182,-0.161080695775939,-0.0930498719029204
0.98989898989899,-0.0122240120471355,0.0129609129327378,-13.4883506928712,-24.8694640962897,0.164881761365646,-0.322330958835859,-0.157449197470213
1,-0.0115768804486262,0.0147277824114041,-17.1243219958655,-23.9239848550577,0.198246228509915,-0.352347243359017,-0.154101014849102
