"SNP_model","term","coefficient","HR_per_unit"
"rs929708","SNP",-0.126828461534547,0.880884765258558
"rs929708","male",-0.296908263229957,0.743112179946323
"rs929708","age_z",-0.00581336324628028,0.994203501653414
"rs929708","handedness",0.187060066975921,1.20569970561005
"rs929708","APOE4",0.553476592232477,1.73928931864452
"rs929708","PC1",0.0252692162658249,1.02559118919189
"rs929708","PC2",0.0108654886304321,1.01092473242853
"rs929708","education_years",-0.0456966367223329,0.95533173080103
"rs929708","FPC01",-5.77227832492432,0.00311265778368017
"rs929708","FPC02",0.288777047957756,1.3347941002807
"rs929708","FPC03",1.30992411178864,3.70589246798787
"rs929708","FPC04",-1.38126825817172,0.251259688747885
"rs929708","FPC05",5.55756111717411,259.18993097438
"rs929708","FPC06",4.07281460557084,58.7220095070397
"rs929708","FPC07",5.58621017120159,266.722867841963
"rs929708","FPC08",-7.46451134123994,0.000573065039196402
"rs929708","FPC09",2.5367483741861,12.6385083843257
"rs929708","FPC10",-4.34558841675889,0.0129638778400769
"rs929708","FPC11",2.52788588519569,12.5269946175706
"rs929708","FPC12",3.91625832272709,50.2122149465399
"rs929708","FPC13",11.3611505106515,85918.1614097564
"rs929708","FPC14",6.87473543991313,967.519364715185
"rs929708","FPC15",-1.9955471788202,0.135939250733879
"rs929708","FPC16",3.43893149887481,31.1536526650681
"rs929708","FPC17",-11.6402368166626,8.80459497362318e-06
"rs929708","FPC18",-2.309207499604,0.0993399473199061
