"SNP","effect","point_log_HR","bootstrap_mean_log_HR","bootstrap_bias_log_HR","bootstrap_SE_log_HR","CI_2.5_log_HR","CI_97.5_log_HR","point_HR","CI_2.5_HR","CI_97.5_HR","successful_replicates"
"rs929708","direct_log_HR",-0.126828461534547,-0.15719719183129,-0.0303687302967432,0.185364936593969,-0.512862149558206,0.228642492322011,0.880884765258558,0.598779327911655,1.256892609919,999
"rs929708","indirect_log_HR_coordinate_1",0.020277640071581,0.0355121470532052,0.0152345069816242,0.0497513384795688,-0.0613694019179389,0.133844230815988,1.02048462812407,0.940475762050216,1.14321472814907,999
"rs929708","indirect_log_HR_coordinate_2",0.0475853407688388,0.0433301549882289,-0.00425518578060997,0.0422782663600067,-0.0359668782673672,0.136610468327767,1.04873569721311,0.964672244570145,1.14638150962959,999
"rs929708","indirect_log_HR",0.0678629808404199,0.078842302041434,0.0109793212010142,0.0741852870390528,-0.0717947175437086,0.223153014591306,1.07021865797096,0.930721937087193,1.25001182915234,999
"rs929708","total_log_HR",-0.0589654806941271,-0.0783548897898562,-0.019389409095729,0.185855896785396,-0.442717843404825,0.287103759476532,0.942739311302076,0.642288407433319,1.33256247228729,999
"rs11719939","direct_log_HR",0.0483696037603375,0.0268175786692225,-0.021552025091115,0.18518972555026,-0.32930308573396,0.394261466375807,1.04955850441474,0.719424936265366,1.48328832800031,999
"rs11719939","indirect_log_HR_coordinate_1",0.0158184159841343,0.0329357666465963,0.0171173506624619,0.0539646360867319,-0.0706664758999054,0.1387134360176,1.01594418943003,0.931772608929827,1.14879484960314,999
"rs11719939","indirect_log_HR_coordinate_2",0.0474355611234176,0.0468681844752866,-0.000567376648131009,0.0447625582314737,-0.0353498555459499,0.140325325663141,1.04857862971529,0.96526765293512,1.15064807332088,999
"rs11719939","indirect_log_HR",0.0632539771075519,0.0798039511218829,0.0165499740143309,0.0803099640880402,-0.08330302424905,0.24166100044399,1.06529736601975,0.92007230075563,1.27336245033477,999
"rs11719939","total_log_HR",0.111623580867889,0.106621529791105,-0.00500205107678404,0.182787090028672,-0.236074575224434,0.467385851867425,1.11809191023665,0.789721778057904,1.59581703362082,999
"rs4639533","direct_log_HR",-0.167455415441552,-0.169983620216611,-0.00252820477505919,0.175051084591313,-0.516890067062608,0.170263924956497,0.845814326706495,0.596372344994063,1.18561772413734,999
"rs4639533","indirect_log_HR_coordinate_1",0.0499752973275523,0.0602718834747551,0.0102965861472028,0.0560428291756265,-0.0389956814328782,0.17644252585771,1.05124512749123,0.961754862540327,1.19296586009962,999
"rs4639533","indirect_log_HR_coordinate_2",0.0731989292647389,0.061589783556735,-0.0116091457080039,0.0541659856915481,-0.0357364340553434,0.171173087299443,1.07594455248574,0.96489457332161,1.18669613327546,999
"rs4639533","indirect_log_HR",0.123174226592291,0.12186166703149,-0.00131255956080112,0.0869546630514376,-0.0390370243067091,0.309861024533164,1.13108146825137,0.961715101652309,1.36323564465655,999
"rs4639533","total_log_HR",-0.0442811888492603,-0.0481219531851206,-0.00384076433586032,0.178451171495784,-0.408548872047381,0.30101738817412,0.956684910519224,0.664613990651337,1.35123283680559,999
"rs2515029","direct_log_HR",-0.0195225696251519,-0.00315878204400926,0.0163637875811426,0.152645836777469,-0.316199529581913,0.287843975892071,0.980666761657685,0.728913995752054,1.33354922206315,999
"rs2515029","indirect_log_HR_coordinate_1",0.00419157038828132,-0.00321236141657975,-0.00740393180486107,0.0468138662162927,-0.0953224911093304,0.0911017349595062,1.00420036730611,0.909079717064344,1.09538043807457,999
"rs2515029","indirect_log_HR_coordinate_2",-0.0528440717007868,-0.0513299365611338,0.00151413513965296,0.0414669485872069,-0.137543045881626,0.0229775093083225,0.948527903294534,0.871496834840137,1.02324352583377,999
"rs2515029","indirect_log_HR",-0.0486525013125054,-0.0545422979777136,-0.00588979666520811,0.0721096666362347,-0.196624234562495,0.0890041881788782,0.952512068888469,0.821499266353443,1.09308523435323,999
"rs2515029","total_log_HR",-0.0681750709376573,-0.0577010800217228,0.0104739909159345,0.152553748227976,-0.367157926802054,0.24616568499266,0.934096926036717,0.692700240471902,1.27911148556303,999
