"SNP","effect","point_log_HR","wild_mean_log_HR","wild_bias_log_HR","wild_SE_log_HR","basic_CI_2.5_log_HR","basic_CI_97.5_log_HR","percentile_CI_2.5_log_HR","percentile_CI_97.5_log_HR","point_HR","basic_CI_2.5_HR","basic_CI_97.5_HR","percentile_CI_2.5_HR","percentile_CI_97.5_HR","successful_replicates"
"rs929708","direct_log_HR",-0.126828461534547,-0.147909538903553,-0.0210810773690061,0.156074790482938,-0.414581062193636,0.192439585404842,-0.446096508473936,0.160924139124542,0.880884765258558,0.660616980169522,1.21220326672557,0.64012199188397,1.17459585956375,1000
"rs929708","indirect_log_HR_coordinate_1",0.020277640071581,0.0331119157998474,0.0128342757282664,0.047981987972917,-0.0939848645780601,0.0975128036260202,-0.0569575234828582,0.134540144721222,1.02048462812407,0.910296539858723,1.10242555651751,0.944634193284859,1.14401058406654,1000
"rs929708","indirect_log_HR_coordinate_2",0.0475853407688388,0.0435345233652951,-0.00405081740354372,0.0401876085109253,-0.0337433145869446,0.121704363996729,-0.0265336824590513,0.128913996124622,1.04873569721311,0.966819641288589,1.12942015515874,0.97381524279109,1.13759228261351,1000
"rs929708","indirect_log_HR",0.0678629808404199,0.0766464391651425,0.00878345832472267,0.0717409641234239,-0.0951141239188605,0.193451231298506,-0.057725269617666,0.2308400855997,1.07021865797096,0.909269159186978,1.21343020769289,0.94390923236274,1.25965778592258,1000
"rs929708","total_log_HR",-0.0589654806941271,-0.0712630997384106,-0.0122976190442835,0.173325519227182,-0.398460371793078,0.274427117429892,-0.392358078818146,0.280529410404824,0.942739311302076,0.671352884575831,1.31577667338875,0.675462201944452,1.3238304764801,1000
"rs11719939","direct_log_HR",0.0483696037603375,0.031972114048834,-0.0163974897115035,0.156049499402753,-0.237915849355321,0.389629926347512,-0.292890718826837,0.334655056875996,1.04955850441474,0.788269021649204,1.47643430333271,0.746103671326763,1.39745825845675,1000
"rs11719939","indirect_log_HR_coordinate_1",0.0158184159841343,0.0311393068752421,0.0153208908911078,0.0515730488353734,-0.103553707065087,0.0911101139266069,-0.0594732819583382,0.135190539033355,1.01594418943003,0.901627597669411,1.09538961626968,0.942260708615784,1.14475488406144,1000
"rs11719939","indirect_log_HR_coordinate_2",0.0474355611234176,0.0478934701498743,0.000457909026456732,0.0428607809128207,-0.0384092739883198,0.129072143183078,-0.0342010209362431,0.133280396235155,1.04857862971529,0.962319008144986,1.13777220371335,0.966377223056685,1.14257032583725,1000
"rs11719939","indirect_log_HR",0.0632539771075519,0.0790327770251164,0.0157787999175645,0.0772096833422055,-0.104954003695252,0.199250143290641,-0.0727421890755374,0.231461957910356,1.06529736601975,0.900365935139783,1.2204872244096,0.929840522171462,1.26044137584173,1000
"rs11719939","total_log_HR",0.111623580867889,0.11100489107395,-0.000618689793938962,0.171088366394562,-0.231218097632693,0.450899700717213,-0.227652538981434,0.454465259368472,1.11809191023665,0.793566372213088,1.56972383202274,0.796400930044954,1.57533076439504,1000
"rs4639533","direct_log_HR",-0.167455415441552,-0.173070592792358,-0.00561517735080669,0.160318795563097,-0.479326789590522,0.144140807175349,-0.479051638058452,0.144415958707419,0.845814326706495,0.619200103478296,1.15504673594338,0.61937050077689,1.15536459254974,999
"rs4639533","indirect_log_HR_coordinate_1",0.0499752973275523,0.0604762535940838,0.0105009562665315,0.0504956181050587,-0.0662650446606809,0.131754645246878,-0.0318040505917736,0.166215639315786,1.05124512749123,0.93588278068241,1.14082837726123,0.968696378965506,1.18082770714965,999
"rs4639533","indirect_log_HR_coordinate_2",0.0731989292647389,0.0646418555841564,-0.00855707368058255,0.0496625850834622,-0.0313505695205063,0.166235953806815,-0.0198380952773373,0.177748428049984,1.07594455248574,0.969135764056053,1.18085169530717,0.980357384948847,1.19452477450496,999
"rs4639533","indirect_log_HR",0.123174226592291,0.12511810917824,0.00194388258594892,0.0791468246060905,-0.0452138383869916,0.262239209123756,-0.0158907559391738,0.291562291571574,1.13108146825137,0.955793074729438,1.29983743821797,0.98423483599273,1.33851700922171,999
"rs4639533","total_log_HR",-0.0442811888492603,-0.047952483614118,-0.00367129476485776,0.173575862254561,-0.390698214811429,0.320103140778066,-0.408665518476586,0.302135837112908,0.956684910519224,0.676584308355748,1.37726980969028,0.66453647032385,1.35274496720066,999
"rs2515029","direct_log_HR",-0.0195225696251519,-0.0132263053170648,0.00629626430808713,0.127388425646458,-0.260806633056567,0.231625251295637,-0.270670390545941,0.221761493806263,0.980666761657685,0.770429880883719,1.26064721438652,0.762867903442894,1.24827362136714,998
"rs2515029","indirect_log_HR_coordinate_1",0.00419157038828132,-0.00355643866918625,-0.00774800905746757,0.0425865708855021,-0.0704860878121305,0.096407864466725,-0.0880247236901624,0.0788692285886932,1.00420036730611,0.931940704769781,1.10120811607258,0.915738236015029,1.08206280993687,998
"rs2515029","indirect_log_HR_coordinate_2",-0.0528440717007868,-0.0513396464111473,0.00150442528963941,0.0398959406632451,-0.131501175337826,0.0267626243597155,-0.132450767761289,0.0258130319362526,0.948527903294534,0.876778244626555,1.02712395961586,0.875946057830073,1.02614907343137,998
"rs2515029","indirect_log_HR",-0.0486525013125054,-0.0548960850803336,-0.00624358376782815,0.067667424543294,-0.171749936013205,0.0900548068409475,-0.187359809465958,0.0744449333881944,0.952512068888469,0.842189748164855,1.09423425358451,0.829145348362209,1.07728601939785,998
"rs2515029","total_log_HR",-0.0681750709376573,-0.0681223903973984,5.2680540258962e-05,0.140863246879792,-0.337250740646009,0.208029314430909,-0.344379456306223,0.200900598770695,0.934096926036717,0.713729856379171,1.23124926239128,0.708659971528949,1.22250324745796,998
