"replicate","multiplier_effective_sample_size","multiplier_min","multiplier_max"
1,159.101121900457,0.00525025603559795,6.95414324385332
2,168.157800937644,0.000253789046146582,5.4751386757004
3,174.823930601142,0.00142140257911106,5.30670391470019
4,172.182415486596,0.0014124945446479,4.82365297969442
5,175.646874956606,0.00483754165754986,5.20338829675649
6,182.448634136937,0.0017457988694046,4.06741911486618
7,179.219977062143,0.00046979740383133,4.81394652808214
8,163.499380875787,0.000508195205304922,6.61898531133781
9,168.330997165969,0.00898854880102239,5.22362638263137
10,168.420625920021,0.00119290857591716,5.68568142808194
11,163.767376271627,0.000869568313655999,6.11422122057838
12,152.04866280409,0.0070317891797626,5.94454526877084
13,181.115686721168,0.00636094188827083,5.18460837837727
14,169.629857756315,0.0031293942540253,5.47582352417085
15,180.11524780129,0.00898046021842608,5.28332862127891
16,168.293931185146,0.00265439553558056,9.84290731628138
17,157.175379451677,0.00330599427742655,7.81633341447503
18,153.720781089867,0.00012409912032445,6.28693992284064
19,165.9926127364,0.00264947288049469,5.29936191432958
20,168.65721407109,0.000180124167265253,6.0164101484534
21,145.823340509532,0.00106256425147401,6.97870614705264
22,164.132396881561,0.0060897996677128,5.92920217684348
23,173.021837230613,0.0033089362928424,6.78088751716752
24,174.989277058552,0.00135573889868692,5.19946443991141
25,167.414475991649,0.0107621714116744,5.36452565535727
26,170.011719666581,5.06409283801729e-05,5.47333381819881
27,167.127598045495,0.00519501800687983,6.35444058171685
28,167.072916181613,4.74152532360222e-05,5.30226238248703
29,163.780383703807,0.00171417621136542,6.39418590359647
30,170.67657364285,0.00699411987943576,5.55559461934396
31,170.86242909012,0.0048113772193142,5.57213959220087
32,147.83016087368,0.000226288411056613,6.74584937723411
33,152.453066197895,0.00388659915625176,7.39160176551654
34,167.030085782737,0.00441946163966423,5.35121106625307
35,161.661570887607,0.00526395053870097,5.53730206719858
36,177.331677705718,0.00069039071904221,5.20746577283756
37,173.063879463883,0.00155232692802693,5.73996736290234
38,180.61411123187,0.00985979908961344,5.84086293423151
39,151.582681105953,0.000184489517106448,6.63487005076837
40,176.332713562041,0.00125525983658037,5.01409308529717
41,159.509158389477,4.06647201131308e-05,8.5331246091045
42,148.853988301237,0.00114852573638548,6.03475087094035
43,178.853864757554,0.00345531507998116,5.57234815219655
44,162.315195437268,0.0086452348632541,6.81454467818003
45,166.190795244609,3.66318301099994e-05,4.98751052516696
46,160.325022978834,0.00142542714902021,6.21133241449084
47,158.319570855593,0.00841556611390613,6.03099738749099
48,167.585864690326,0.00672148188147857,5.85496364515378
49,162.777249976685,0.00719049281489221,6.79629164106364
50,165.349527675675,0.00152195028186076,5.33727467744674
51,154.550475225197,0.00547715627237303,7.19135063810868
52,160.285857903883,0.0025118297974072,6.9829369601302
53,162.904746657671,0.00514573169577727,6.7744221176481
54,166.779198580642,0.000966768011163823,6.32518364222229
55,163.765835959587,0.00409553543338544,5.9545965464079
56,153.960893849926,0.000351242075581673,8.24587096450191
57,154.604932152922,0.000770598411458885,6.44601439443068
58,172.164736613576,0.00110403203363475,5.07236544147408
59,160.543615989773,0.0063723821882315,7.57843565497398
60,180.157942351781,0.000990267595653146,5.51894628104642
61,178.641565848714,0.00233899273527287,6.00536014977652
62,169.562358139386,0.00468556876519928,6.91631527678256
63,171.211843205995,0.00199954334779259,5.79204907644104
64,158.140915413315,0.00159189068382815,6.76816099304125
65,159.839620893047,0.00526188636569858,7.05363551011
66,156.593068421525,0.00252267859702475,8.31907051065924
67,180.053370896363,0.00505134583748849,4.92501941454699
68,171.045824616686,0.00337777874870753,5.30106065825402
69,187.150258715008,0.00639600466388567,4.80526664316749
70,179.403487987582,0.000638194901466524,6.64822726305352
71,166.658867029547,0.0013269937439068,6.25377996722031
72,173.2093044766,0.00183866307824341,5.90432021263861
73,148.88185670929,0.00992419311278341,6.20205120376955
74,172.459761928973,0.00629426772361456,5.43366996161161
75,166.051615424027,0.00143770216277197,6.85787011137041
76,172.704524454409,0.000327305604148406,6.56827249173067
77,175.732485720857,0.00105279440287023,5.3889390353103
78,185.469565500317,0.0106730035765059,4.94773332668123
79,165.922383187733,0.00261086527595935,7.545895866775
80,170.804295437857,0.000168035250719347,5.28220041354426
81,162.185942883482,0.000131839136247559,5.85882270856691
82,181.070241278757,0.000780430542341086,4.41153324501681
83,176.254554365809,0.00327426710035283,4.90154730492018
84,181.099861717396,0.00334882584575267,4.56267125980789
85,165.961329043615,0.000994038501297403,6.24748364684992
86,165.868884331769,0.000381487264084757,5.55381647166161
87,164.880884134662,0.00175300710791411,5.18365956548918
88,144.227297962157,0.00163816451781505,11.5447554617735
89,177.456275552492,0.000492620843601562,4.39679574182194
90,170.862127922752,0.0031760445167886,5.62572105717308
91,180.153483379853,0.000857342399802563,5.08484127493938
92,181.856219908944,0.000569381250456344,4.44838261145548
93,165.705352130352,0.00444230957076411,7.8834011161395
94,144.878978842511,0.0015853171052665,7.09533642976184
95,180.100374537049,0.000971014769502051,4.7140841370179
96,172.615152139328,0.00263100244083643,4.44295667785286
97,160.500342084931,0.00272547808234634,5.61596442683446
98,160.099711439765,0.00113418327919399,7.45326120211628
99,173.898918854768,0.0170370986654111,4.84369455584711
100,179.806852957321,0.00192366548538201,7.04813616415033
101,173.237148199123,0.00398734755293464,6.62778315753283
102,161.878529926547,0.00230520563293822,7.08238384609108
103,184.073489355145,0.00891803776341626,4.71404107155781
104,176.613385773185,0.00643079497803161,5.09943225485263
105,181.38550121154,0.00242514709397517,5.14019773285202
106,154.740977524233,0.000920063809842046,7.77781917617655
107,171.327934846645,9.29201737759227e-05,5.26732185331894
108,164.00371340032,0.00131784637332853,8.55015216113387
109,176.998198179394,0.0030112023028811,5.69588116897852
110,164.450866939227,0.00662425195902524,5.6503224163796
111,165.139025290977,0.00262661764706563,6.19152564789544
112,171.85214375847,0.00114007184281363,6.37974549052729
113,157.442142673034,0.000493380029921055,6.21402435238123
114,161.451392320386,0.000195752197175757,7.10585302346551
115,177.440799150744,0.00381392847680011,5.37822331742947
116,174.016873432955,0.000634835577076884,5.69192900563526
117,160.217395078649,0.00304199048458014,7.0883704167405
118,152.259183134068,0.00011768807332667,7.92551492516899
119,151.243018954714,0.00331038102163144,7.5992995812939
120,177.41288059811,0.00323081615958776,5.05556971205613
121,179.708369767834,0.000754620509348259,6.48656726823264
122,161.141052080091,0.000508680859856407,7.13492083677112
123,169.472365355712,0.00394350384754365,7.01415294902568
124,164.397418223501,0.000830182939365748,6.25029097218043
125,172.917648489878,0.00142623170636375,5.41617512236462
126,161.143129667608,0.000719855872391941,8.69552740194218
127,165.154082188468,0.00267432578839015,5.37818781592785
128,162.442046226516,0.0050316687201861,6.02112846689617
129,161.939693029962,0.00564529967021386,6.82610210641588
130,168.186145015332,0.00120556788791804,4.83271468967072
131,170.199363153822,0.0256857868460106,6.36454949693343
132,172.02482630511,0.00132439266177213,5.80076996422011
133,166.394083873916,0.00161815301032734,5.15122943472744
134,165.333098446472,0.00317882520965939,6.40298303424164
135,167.433036058418,0.000293297220002569,5.46619001670568
136,163.841518273204,0.000718316171194146,6.46823331366259
137,163.612759448309,0.000727670577081922,7.72532553836701
138,176.017998771078,0.000314078355390303,5.08522178562173
139,173.406852316014,0.00111558070223219,4.67772055931477
140,172.496706696344,0.00332933136568149,5.13006751029079
141,185.221438693079,0.00398085622199437,4.99858251649291
142,166.333810053113,4.60617124342265e-05,6.54984645733011
143,173.327330862883,0.000407746494360564,5.27573299370461
144,169.54042110689,0.00169197864281735,5.08740888582772
145,161.41512970242,0.00194707774893331,8.93846154740619
146,162.174912088497,0.00324305556185266,5.62907287552117
147,162.97793483393,0.00299183393570022,6.41081944134028
148,168.221004389458,0.000324277482486926,6.61885798845822
149,186.212353351014,0.00328986891158376,4.4369484559688
150,171.354075273371,0.00688897925469782,5.29321450552449
151,177.30520738693,0.000282547240613381,6.5870435176298
152,161.428902133355,0.000650483559725989,7.28003132955988
153,166.213201309661,0.00393569070266673,7.3120378222275
154,152.505192835165,0.000687943324445406,6.95685900991686
155,170.333123274933,0.00661878521385207,5.64133238404961
156,174.645149086389,7.84834835085268e-05,6.61860594008979
157,179.212807352586,0.00358955644280366,6.28812335399538
158,168.995911419267,0.000416286893722319,5.36397178940477
159,166.196091565153,0.000834773269308366,5.73994557822423
160,153.024206447037,0.00667223740791145,8.87143621812385
161,176.07330555009,0.00307938069545813,6.94875863650439
162,175.937617007532,0.00148291871314196,5.82416661897532
163,178.800584437272,0.00216876571649818,5.19982925044541
164,163.656299407724,0.000327779437402915,6.22727616004239
165,164.332241414566,0.000771392987585574,7.02818956783304
166,169.140797021807,0.00109841341429671,5.6580295807106
167,175.538589675096,0.00194377135066068,5.47652999681143
168,156.200308016276,0.00722098218238142,6.56569378747011
169,155.123921611245,0.00287296038106932,6.19177679494604
170,164.201139482684,0.004761265774053,7.69630075843284
171,169.223020358205,0.00485600446893593,7.10081566917493
172,149.641837774868,0.000478630325726502,10.8510344192828
173,158.218596657825,0.00718157550209049,6.39096708058263
174,157.434439979618,0.00442153743945237,9.1829713762606
175,152.160535377122,7.21804256841187e-05,8.41131946680902
176,142.958743988419,0.00375166715366705,6.3332698650918
177,156.315054661028,0.0160802046322832,8.01776169985111
178,163.487804787246,0.00970157423664594,7.24080217904749
179,166.906703646434,0.0040485749793696,6.42298273230272
180,170.98108110414,0.00483823333327286,6.21197333097741
181,160.061725940114,0.000742618773871188,10.0191412087734
182,164.766095413509,0.00738535344772687,7.23506424619737
183,182.449583683026,0.000958638997152953,4.40775255624396
184,175.820909618331,9.68847653693526e-05,4.96825449390166
185,147.470973245352,0.0134150260639038,8.42906351607428
186,145.680904089985,0.00184356109973972,8.75704038985977
187,152.27373956287,0.00161409864552898,8.79740511184735
188,171.555191252102,0.00173392229179422,5.59460838253715
189,165.447805551862,0.00662833673451903,7.36804779293594
190,166.554858769818,0.000105751095465963,6.96957704433765
191,177.68864091404,0.000562051981619897,5.18648942750334
192,167.300166355034,0.0107328750808529,6.37473879981866
193,164.399519439197,0.00186945252360555,5.77841530486172
194,174.691556194485,0.00723415601950974,6.21073589384872
195,165.292816205406,0.0011745082589145,6.14683355525334
196,175.935619256296,0.00255973234849308,5.13771203279603
197,176.584504792697,0.00167982848520691,6.98768677818704
198,170.149377170002,0.000173131164855532,8.218141519969
199,168.325417596649,0.00750197116982356,5.50767112877446
200,167.254077004503,0.00856541040341711,7.49646606224283
201,170.254074241473,0.000710247520915182,6.6301919433268
202,150.083897772353,0.00599417097676815,9.78305035875905
203,167.328340450766,0.00611464293369031,5.89649039607816
204,161.484241453246,0.00201619508856831,8.6509596850448
205,158.518408535605,0.00170866901104978,7.29679987240749
206,163.063584545601,0.000857238206727567,6.98151244489066
207,174.520487532744,0.007646423118009,6.13831701651601
208,166.988455723029,0.00560186008120338,5.7103724143485
209,174.37150989053,0.000603406922652891,4.9770566177468
210,164.63075369761,0.00605717178742126,8.99827351202835
211,164.520096731193,0.0106268221046024,7.37562230089507
212,166.976342335864,0.00210156207080524,6.21596134601088
213,166.590352179334,0.00446201881065547,5.70079947817611
214,170.89958215227,0.00457917499048897,6.22412246609149
215,159.528825632161,0.000330080279784044,7.97359063626399
216,177.073164365207,0.0019889826443973,5.50596863864622
217,182.077095712599,0.00408677580030276,5.06644688367586
218,162.680692269156,0.000641144491034326,7.63942515616503
219,173.023083105754,0.00126210652505679,5.10810974639578
220,165.356881972505,0.00641207376835064,6.6673979982048
221,162.766263277973,2.67636715022924e-06,5.87165844950081
222,185.030066802418,0.0129679095391346,5.33777176610439
223,148.430975999674,0.00191819707710301,6.57282060445929
224,166.923715239088,0.00120528961171703,7.28555282199206
225,162.138285565011,0.00176784007870179,5.06807504925079
226,161.8294101748,0.000366134517071608,6.09260002725531
227,167.919632206427,0.000419538472424676,6.59220938685187
228,175.328795849119,0.000978587101012107,5.48350518778409
229,160.458805949936,0.00364526745556127,6.84829595552027
230,170.32977581466,0.00836262078381528,5.21387011730764
231,170.596797855948,0.000787073111296868,6.74843757415676
232,162.778505772974,0.00236123951933333,8.54774911073547
233,161.599471950735,0.00209393560783673,4.83095591914392
234,172.034916796931,0.00279069259617239,5.51370643748384
235,160.846646274234,0.00448919293146434,8.20593527058083
236,181.418963667834,0.00405411482768164,4.37630235980608
237,165.454228749425,0.00313470563204472,6.35276572559609
238,170.201629854905,0.000949410351270466,5.67015768342903
239,164.641201365035,0.00968844034715617,6.37020645706318
240,165.197384842721,0.00323242556840801,6.36185061532904
241,173.468438293595,0.00435857777917172,6.34085833715788
242,164.646176969203,0.000607180697931053,6.86227414992586
243,170.538888232906,0.00508666782581071,6.7074709272547
244,175.801560249228,0.00473768497295592,4.73248634111343
245,149.935552404463,0.0148488487861838,7.9590388770149
246,183.49538689699,0.00393518744903585,5.81774733432601
247,170.885124566277,0.00223571564178767,5.59788101986428
248,170.071187225953,0.00552027455693207,6.18031129206347
249,168.24795750075,3.12458141819205e-05,5.5101147159832
250,166.335364954023,0.00102024258773473,5.49112626124791
251,171.333181018583,0.00386278385778109,5.68871038320456
252,170.780278417474,0.00286780266433642,5.34632697843247
253,172.098557163174,0.00889390087825912,6.21172135328608
254,145.734383348806,0.00647357222116481,11.0640705258239
255,160.263742427024,8.48976566370718e-05,6.36677137325647
256,167.534147362001,0.00548410811411431,7.62078580253788
257,168.205801693382,0.0056516326877574,5.04944863285304
258,170.412509623793,0.00169285888753967,6.79077731967399
259,172.10725567725,0.00578568767438891,6.03877625948739
260,169.811862221702,0.00502947848200286,6.91381737591379
261,157.159599551159,0.00200678142027581,7.3942382790526
262,155.386887729595,0.00162299278548684,7.10433903857097
263,164.495135035102,0.00267159106585207,5.64828330557477
264,161.084302847715,0.00138613646334623,7.20264697128938
265,169.048269545636,0.000264380586180985,5.68482219548873
266,169.518977983953,0.00611782102178099,5.89596133463285
267,163.333751818371,0.00502800093465442,7.06813735111457
268,169.823433992286,5.80235238525847e-05,8.05885647546379
269,171.049110883635,0.00295800805010074,7.10950206823608
270,161.110216178703,0.00480658379526417,6.99187877187488
271,172.956296440112,0.00439297257189868,5.45291826902617
272,170.548759411488,0.001867950026564,5.54609700558341
273,167.590341628911,0.00184797279731915,4.92407714482434
274,161.152436356931,0.00109807942314666,6.50088726574144
275,171.334923928198,0.00529519071681231,7.6959481813717
276,163.113519216325,0.00734727183877793,5.2842331772336
277,171.332828750703,0.00328690461458656,6.29455180055866
278,158.200431542831,0.00459954224105131,7.60565946497678
279,163.034817001396,0.000710800823052804,6.05138589367332
280,167.261896246927,0.00167467512029307,7.72904796966925
281,167.753180482037,0.00324284884848706,5.91844100787093
282,164.052569553365,0.00245637223359338,6.29550580178633
283,157.457696672897,0.001208376305094,7.96361267832805
284,165.395157218213,0.00327062096485693,7.19434689155772
285,159.822909757426,0.000497351676934594,6.57069565566241
286,156.159805367693,0.00633534586725903,8.71644856252703
287,154.566421926884,0.000509119027672342,9.12028737383592
288,182.208942208647,0.00245630976378706,6.1264342681316
289,167.820718782828,0.00304485430326083,4.95218712041393
290,174.655063334146,0.00169443391944106,5.43869345408338
291,165.171934440439,0.00145198962951,6.99329119931266
292,178.034077007349,0.000397010925101568,4.56221591512194
293,166.735822604811,0.00028425845913368,6.48367113687372
294,173.063675781769,0.000998371398513632,5.31491194085251
295,151.52993215307,0.00246648636339576,5.62357834152822
296,161.49377971009,0.00164080240568195,8.55680604739944
297,155.040210677737,0.00389335828759389,7.48137541596628
298,175.209112645147,0.00716764753702039,4.63403925239641
299,173.927720950112,0.00482514837376334,5.15084069312468
300,145.535851880596,0.00201597676126351,12.2225730417762
301,165.823114380246,0.00300874130046536,6.55689030631645
302,173.425230714947,0.000116853197724773,5.38959561091211
303,171.276715010408,0.000921198867835219,6.53839700929578
304,165.336238482298,0.00192979945086823,6.47624202152579
305,170.865120981075,0.00307144347302032,5.58021387243197
306,157.009177779951,0.00516887449360901,8.70291484190526
307,153.953135251063,0.000804655707581296,7.41832465803814
308,172.147911065661,0.0101311300654537,5.93745916585648
309,149.699179505597,0.000219303378220316,6.81642358287828
310,168.386678544406,0.000431008947076011,5.32125556923665
311,185.975767429417,0.00135016832161207,4.7505043193005
312,170.573223934632,0.00160100188612836,6.02125567373877
313,183.699005845683,0.00345988747993738,4.67589069024458
314,167.864003040807,0.00511063927182515,5.16527716852812
315,173.696913125458,0.00714338243272741,5.3586912734421
316,176.060171741739,0.00133533218382953,5.34126906405442
317,163.265569749843,0.00450563187623494,6.06984186812531
318,162.367002182241,0.00308208190994268,6.62499122181012
319,179.117888106019,0.00215823582047438,5.27730761165037
320,149.954582623709,0.00334863137215535,10.1998220506598
321,151.95392034681,0.00247158108287722,8.46431651817261
322,166.855981467313,0.00307047151552679,6.52072018776765
323,164.52708006533,0.00172760956646388,7.61046721692165
324,161.681855167962,0.00702609147382393,8.78181130933964
325,139.773033675331,0.000981686010775975,11.8929293926431
326,152.294087618857,0.000189733352870732,6.88369362259871
327,185.933716432672,0.00324356231329131,4.50674810168339
328,169.293980509976,0.00873858966382568,6.36487563809614
329,156.214905502558,0.000807382207547515,7.00523338782537
330,173.839710846954,0.00199796257131167,6.56331104379354
331,165.785796761008,0.00011399072245801,5.16343728567956
332,172.675656584898,0.00620446636956123,6.50820519646616
333,180.281413421793,0.00145896748821957,4.57713764886005
334,175.867213417215,0.00387358197034932,5.48125054536268
335,145.110082985912,2.19327569305343e-05,8.64208257071395
336,169.656377370304,0.00362961679645518,6.65099075565886
337,180.957386653219,0.00451813440821994,5.69154902185448
338,166.025219949149,0.00381480843010298,7.85863189405116
339,176.962741727577,0.0016042590060204,6.11102985656627
340,173.151860094814,0.00150801400921908,6.29659965929532
341,161.867671429674,0.000114208872009885,6.5619847266106
342,179.275451439462,0.00345860473244438,5.09496828701926
343,175.83130614271,0.00113821998293695,5.09175259128746
344,186.413537843708,0.00303343085012247,5.08176317005065
345,160.979464672195,0.00322495166199,7.45923057861586
346,147.351539689416,0.00232759568304247,6.53457975188206
347,190.719320715996,0.00590440717511362,4.53994855352074
348,175.322627092237,0.00226072759108736,4.87219551351664
349,167.941959330303,0.00855189993025103,5.84058704395328
350,154.289108754097,0.00148052272243115,5.92544107880843
351,161.68716079081,0.00189489105014449,5.99996670311386
352,158.847373670717,0.00052164139590882,6.31316411050855
353,163.918885980902,0.000608310189842265,5.68662121557064
354,185.483182371993,0.00203343942399848,5.19691456501591
355,178.646471968795,0.00965810647544777,6.17712284429152
356,166.155551874048,0.00275378331161367,8.32109880844714
357,182.15682280815,0.00226868777409001,5.72143809755987
358,164.370235157928,0.00272280886170668,7.0201055395409
359,168.780443844606,0.00189821420316947,5.75806005868847
360,179.601758763902,0.000750975923461248,6.06933041841924
361,166.651042545448,0.00298063618026088,5.45417823455656
362,173.886075250615,0.00176176446271665,5.7565766917082
363,163.175251324365,0.00531743700791396,6.32854409218237
364,160.143875226056,0.0005233532204004,6.77185846333458
365,153.444996358703,0.00102539059281504,6.56971386467354
366,167.176646626254,0.00181255849675686,7.40476066106959
367,178.702162208933,0.00530506075899246,6.21199981393242
368,167.624745804336,0.00159306945489893,6.50967384458601
369,162.572711564601,0.00242165773716103,7.75281442124527
370,182.561106176849,0.000617136969661654,4.52580951737632
371,142.597248886739,0.00139906046020082,9.16570477691921
372,168.911183737301,0.000889447818679823,7.80902266208939
373,163.022430448734,0.00040762640797668,6.54742501967894
374,170.895867036792,0.00833680951528019,6.28335574533511
375,168.673764032597,0.00389463537502924,5.45568949202623
376,164.780914472155,0.00724512186052056,5.78472561484044
377,172.12430653135,0.00106945607999258,6.68226023238641
378,177.495512549951,0.00133038910341029,5.95222150727448
379,169.044088400526,0.00211442049776966,6.19202589318034
380,169.599277008209,0.000173630705752138,5.27107667526651
381,158.175016990993,0.00608136187591301,7.93201114161176
382,164.237532634429,0.000442913588801219,7.1274182169902
383,178.17248263419,0.00853808763979162,5.59463112529595
384,175.699607129249,8.80593447061424e-05,5.03182969972224
385,181.04032621085,0.000724774184158066,4.98040573799314
386,181.549333231515,0.000944704398863991,4.76859978997546
387,181.939872397065,0.00120682886295635,5.10107480059003
388,176.056927806836,0.00517420760499472,6.57264618402973
389,150.39792116572,0.00179926654335545,7.97981640625576
390,175.680583305156,0.00330542432885109,6.18536965181165
391,166.795138378396,0.00177581480809994,5.72807742820348
392,167.252832160699,0.00134281179911661,6.09337674769619
393,173.064545349111,0.00124180586092805,5.55279875679058
394,170.590156493771,0.0122923715539554,5.33533034505232
395,150.602463923885,0.00101893251957807,7.98582691258191
396,170.045742470702,0.0110012581495009,5.60338975080354
397,149.232921320116,0.00233983673873826,6.78640601923907
398,168.961369051515,0.00490514973104608,6.80408771615491
399,169.726447484592,0.00255983539823863,5.0807426865123
400,167.588385425338,0.00189148089295191,5.57439071765432
401,172.460424098596,0.00209156191207584,6.62370023116657
402,168.008639267656,0.000701535277270205,5.70767989312805
403,165.023177365745,0.00116382407951834,5.48206006056232
404,159.283788260881,0.00785536184951171,6.22035059267277
405,170.855398370161,0.00138523178859106,7.81202168389228
406,177.286792782393,0.000832688571335717,6.56392523404076
407,166.767512322668,0.000363401741355588,5.47591331992946
408,167.61580448144,0.00217355914226547,6.0310851281849
409,174.760900590146,0.000997600345082903,5.18139757923364
410,154.162392278577,0.00374427203132749,6.58877959593751
411,168.397598880906,0.000428124677173026,5.44161793172449
412,163.819964485682,0.0031311143831312,5.72881813550884
413,168.534426921685,0.000513046025215435,6.7543695036056
414,165.061041977315,0.00136842853721849,7.03361888839799
415,162.461850851449,0.000614897250478647,8.02330256994589
416,180.698177245711,0.0030738855831661,5.51007099715601
417,169.618903798281,0.00173248500479373,5.57339751077358
418,167.816955598594,0.00828653448866577,5.05403152516737
419,184.568310554308,0.000897361444636745,5.74511606801858
420,178.230555769684,0.0011352235187985,5.91919736675648
421,165.79490604623,0.000326828376850511,6.05097505908418
422,174.02802044033,0.0059301195059995,6.05551461785556
423,181.470478220982,0.0024185755178612,5.47229351171819
424,171.571063615595,0.00765567010774868,5.37093520220339
425,169.982952359353,0.0152518974975624,5.06695999485523
426,166.408143462456,0.00130967504609005,7.04415424976382
427,169.28232606512,0.00957346636728559,6.79350062769366
428,169.656107435967,0.00458439329452294,6.59744519262051
429,157.787794508945,3.9367616333779e-05,7.05693512792559
430,145.975333916702,0.00309218609639099,8.55136523516365
431,164.514674210288,0.000179492020591065,6.00193130329254
432,168.165765300156,0.00252038342370521,6.09194781512195
433,157.927304756402,0.0042660380859105,7.41068058762868
434,167.634456063178,0.00375085838135809,5.84716403973217
435,167.057327798807,0.00299640805797324,6.8615019427075
436,164.34293857735,0.00413005887533053,5.26605557619475
437,163.941868551576,0.00132822923962588,7.00213066685415
438,176.439399442731,0.00114034804472845,5.90553753947531
439,171.632278575838,0.000475563028719201,5.26356740763917
440,162.93563326523,0.00153804053091339,7.90012281327676
441,172.180072551925,0.00133591897212827,5.88191336024106
442,168.866076088804,0.000374758878347942,5.77160564541216
443,180.977445220444,4.32957338152553e-05,5.74783464184191
444,173.996398107923,0.00231717959989484,6.88430657469876
445,182.785716183525,0.00255876954517132,5.72485041407613
446,164.314467069624,0.00181078213456708,6.11020360454586
447,156.294004528399,0.00078167575622772,6.82322200535373
448,164.203815001953,0.0028252032122538,6.01064518314803
449,161.750182304059,0.000579335154113677,8.58518718470068
450,174.728131359233,0.000336088458535125,4.99155074398141
451,162.187129594816,0.00627949106643349,7.77325243514931
452,160.659440236852,0.000801040873168592,6.9240475792257
453,169.613987144449,1.30594488718076e-05,6.31380606878972
454,166.506960962328,0.00854998884038714,5.76108300305568
455,160.547599617226,0.00174820008284817,7.16004943912515
456,162.836328597822,0.00320965586173857,5.94807536586344
457,154.045608312918,0.000938771619961452,8.2295858426294
458,177.854466912765,0.00462949258202332,5.21477455723294
459,171.828592204779,0.00436229072463801,5.8933555266095
460,161.223422213443,0.00493393554221382,6.15532588095533
461,167.38684999494,0.000141696299841167,4.7378997443627
462,157.376412162469,0.00654251325087161,7.64061654951967
463,171.668208586316,0.000238563355742944,5.32548270621114
464,168.978812596049,0.00210995056753148,6.45826137244431
465,157.487042215499,0.00219524778575219,6.85849743786499
466,171.31184800956,0.000635735051285684,5.69432451806046
467,169.974411440028,0.0043413184122296,5.84776186961655
468,180.087689519098,0.0109460988562644,6.4891611885344
469,170.75879400044,0.00418845351454686,6.59711962576085
470,165.017673261299,0.00615666443598798,6.32548677084995
471,176.828733642705,0.00140056725637287,5.44310198459489
472,168.523227992817,0.00398139974978294,8.37009488434733
473,167.769551697317,0.00519540534664435,5.98362744584859
474,159.653074158006,0.00353485214058445,7.01866659500232
475,165.918970106872,0.000731960436787694,6.86837174894211
476,170.844712195697,0.0141376894414402,7.46616114780521
477,163.775328536478,0.00451012378526035,5.8166578520126
478,161.682834390457,0.000574740715281989,7.11283875398386
479,156.796943824991,0.00245979054086605,7.3310392393137
480,166.669747872538,0.00035402382866806,7.08426843761266
481,179.923533655069,0.00269399950118753,5.82299458556297
482,172.489050089492,0.00120615429200848,6.16534518838499
483,150.600269208362,0.0106056143189553,8.84811055646277
484,174.753833849572,0.000595848278188683,6.61345970701876
485,178.158675297023,0.00218904721456119,5.95262829893054
486,160.744644172545,0.00145835847064145,7.12522240401332
487,151.214072387676,0.00541316848980409,6.09491313409563
488,171.721106295065,0.000974880935232795,4.31148130740534
489,174.19790830681,0.000842400393894532,6.75523223773441
490,168.459496915321,0.00308355954995987,6.64036768107902
491,161.345859522432,0.00399396623359001,5.76784207090968
492,165.24811012725,0.000737121127175739,5.71571994559616
493,167.965154188756,0.0054790854337767,6.23080270297837
494,182.261644918509,0.000497200260463537,4.34183283853127
495,148.184946679613,0.00292045380585822,8.63339802860234
496,168.62917352191,0.00103381498417639,6.54050003593915
497,171.710777514674,0.00027292164806173,5.71966015367101
498,174.143691887275,0.00500364493182502,5.57203797464444
499,175.297706784542,0.00280880933169171,5.56992156859304
500,173.636967921402,0.00348164500354217,5.58173826717222
501,161.259319978794,0.00109264432717167,6.37045690019415
502,159.248778846014,0.00197635761212769,7.02190346772374
503,171.896362229549,0.000115765704211481,4.86948813760264
504,173.98985491401,0.00032187100141759,6.73415520673088
505,165.022253731743,0.00445142915570287,7.05307516818548
506,161.416158599092,0.00225370522916115,5.31273877729951
507,165.843042922412,0.00477704834497609,7.94266270688358
508,158.189256680809,0.00394824805638756,5.3718078327594
509,170.507748467214,0.00195836244895505,5.93420702664696
510,166.726396262893,0.00125689907525405,6.26408493186916
511,165.022938154455,0.00261152288212832,6.33763667540013
512,158.611704800161,0.00792362892742725,8.11976234945333
513,156.21765494687,0.000687152347255928,7.29230805378733
514,173.223273740065,1.53365794744142e-05,4.52808569200112
515,156.650700689069,0.008012752799615,6.52018054261531
516,170.050921286253,0.00106096516266199,7.18286034012072
517,154.089358916532,0.00362994824652667,9.5971510032279
518,179.551064779951,0.000476913908568274,5.33869786989144
519,172.66465219016,0.00846159956067891,5.66988317074467
520,169.197110579826,0.00166891458673922,5.84726874728415
521,146.083037328168,0.00235601866863947,8.21460594301382
522,175.376016796654,0.00998935968629693,4.69597173933841
523,164.808182823567,0.000315751594024129,6.12614750435176
524,143.823455031652,0.00210506603463583,8.01167794438385
525,156.20838309875,0.00318316508450139,6.5920193983266
526,172.976070674435,0.00586757118271666,5.82585394718278
527,165.78003770592,0.0108102483700532,5.5347151043424
528,169.657760956174,0.000495009854511623,6.71582043134924
529,161.316835820181,0.000222591557823703,7.18569665023717
530,158.499674434968,0.00402140819206817,6.38107673538162
531,169.645731213435,0.00121871443219841,7.0871523737343
532,175.752193686358,0.000132441520831016,6.63454824850664
533,169.675557660547,0.00211395570387395,6.85632253565331
534,178.130607500207,0.00211730575852328,5.88246619856026
535,172.575919064577,0.00503147058221366,5.58929886422578
536,177.443241799438,0.00034704439488681,4.61629962979877
537,166.308026204768,0.00147832876884038,5.75434630202345
538,166.892266909751,9.97075521994325e-05,5.32299343803889
539,169.918870704602,0.00013528992116552,6.95710854975486
540,175.771607041386,0.00820837254083313,7.29723735539313
541,170.950702469031,0.000700717113085503,4.96990782806915
542,148.612798772601,0.00040694128711877,6.71256188248844
543,172.325682534105,0.00060231929520603,5.59988928284649
544,177.139156861438,0.0012354455446791,5.56311609464186
545,164.995803158665,0.0010218068634177,6.57982481174376
546,174.652347794066,0.00354965640145295,5.8586479338287
547,155.328883141559,0.0024883846365308,7.30898644906341
548,171.175718982256,0.00411172768758874,5.80535893579721
549,166.543386043331,0.0040556760153488,6.82649300614842
550,165.837479138478,0.000736511956287369,5.81724961349708
551,158.508094344353,0.000567512325474352,7.19389429875034
552,159.7296258863,0.000193439915855505,6.22973998288783
553,164.255805920584,0.00344357005101972,6.48507559795873
554,172.590380516011,0.000253971905731891,6.42149066121514
555,173.600701591809,0.0032122194719026,4.75773442477516
556,193.110668823633,0.00506392738029879,4.23783241284081
557,163.230245274171,0.00130626072420941,6.57334653434417
558,178.751311167324,0.000280202686712902,5.3168825913548
559,173.208693925618,0.00344769449286176,7.66509941792549
560,179.034644406039,0.000558483988627432,5.92616959224401
561,160.573653701331,0.000849245703936076,6.88141388699106
562,175.155050764072,0.00280321436443486,5.40448043252759
563,170.349164530295,0.00455694207289748,5.71985748401994
564,171.634924170311,0.00105142553067544,8.136971177048
565,171.095804838185,0.000358349524269015,6.12391316096529
566,175.343049528128,0.00890439905695412,6.44678519721989
567,160.301842098932,0.00108612777589935,6.40469479118138
568,155.108827323747,0.00225333662646832,9.04054765394804
569,167.42666103241,0.000847284135905917,8.13057938108522
570,178.315761328747,0.00104204613105884,6.35654251203945
571,169.510920080053,0.00835992709913637,5.67314671235819
572,176.179471978924,0.00417811421489182,5.56870176596632
573,170.572023389454,0.000285656725961613,6.88734113133865
574,163.766684643009,4.45776345883046e-05,7.2318236759252
575,168.931873693495,0.000120790593244118,4.88125177422634
576,161.380195094936,0.00999619590970351,6.73200886468382
577,154.607562424993,0.0050184483997457,8.23311396420695
578,150.153853450665,0.00380119713684726,11.8905457116092
579,158.032542419901,0.00103621074152501,8.17644271467558
580,170.949729315082,0.00147311386785832,5.23556009244521
581,165.252292084099,0.00234074767622454,6.99521954907462
582,183.636561288612,0.00076622822438166,4.96627184528363
583,175.039610817218,0.00527485298114827,5.16119895557749
584,162.383150875911,0.00520640059573701,6.49425583142295
585,164.288851835977,0.000290233804148952,5.79750486973601
586,166.578454434497,0.00293733640020117,8.15238032554738
587,166.86452280209,0.00291682445406759,6.91720078091593
588,160.984343501475,0.00136613520842005,7.28477575928355
589,162.171601580967,0.00255071047046238,5.36302673364399
590,162.27837065204,0.00714285341786142,8.87257515705971
591,168.766954221991,0.0016969433354845,8.88120954597025
592,167.775509620039,0.000121751655403343,6.22670615059394
593,161.935693060411,0.00572759116660885,8.2211479497018
594,176.706571362063,0.000274542322116243,7.11710353855937
595,163.261363397259,0.00268205934029992,7.11680275614468
596,189.760491023964,0.00320148734632837,4.61410797261297
597,165.533665459731,0.00570746065074641,5.12008653743303
598,162.016989182816,0.00388407860271816,7.51733329094937
599,162.940328841598,0.000188581575759255,7.42731206944688
600,155.930741522835,0.000117194488537013,7.95799837855454
601,153.770048618784,0.0036720090001439,9.19922921942163
602,166.425281238232,0.00363590020836243,8.00232666037068
603,186.722299853678,0.00042667839606336,5.00973777006485
604,172.74672330443,0.00212227130961109,6.14253621713474
605,147.82401709753,0.00541805465967747,9.65252812076349
606,165.821791383917,0.00765554658648987,5.31095524734653
607,162.062210226267,0.00329306654340071,6.82875151198232
608,177.724756535639,0.000780420178226455,6.90129913105257
609,176.441544191077,0.00293371086829317,4.93862348979169
610,164.025484320954,0.00294833396860846,4.94693054885295
611,168.110410586258,0.000332329890269551,5.63187141265173
612,159.466581213485,0.00252173864464511,6.54697584628953
613,166.803719698649,0.00236815267311403,6.12284302359491
614,145.473388486641,0.000115296007675213,8.52160747150958
615,159.675647325418,0.00324025838466261,6.4482121067476
616,178.058081295073,0.00280866348577342,7.66442733044452
617,176.089629084731,0.00319561991533586,5.81838499004436
618,166.517067881378,0.000794866128969877,5.36890952432203
619,171.638131049212,0.00191982517326024,6.35876740234172
620,169.578043466908,0.000803970103803694,5.85120951532953
621,161.180623078123,0.000725332207744499,7.43427199183689
622,161.564860188963,0.00107596149428772,6.37685907226848
623,171.910574971721,0.00540148167618566,5.72119618539594
624,162.825772382815,0.00295278124620723,5.89923730084285
625,159.61836303432,0.00190501418843428,5.7969701384504
626,167.838828254803,0.00236014774320047,4.78595068330949
627,146.782079260451,0.000214743654064371,9.60695121208342
628,159.812757632427,0.000992961541051049,7.00546850987226
629,172.46898630213,0.00179102850425659,5.57296593252896
630,173.791200936525,0.00327098514937729,7.15181228958503
631,159.406625244675,0.0105435716152332,7.96886114954652
632,164.091015058711,0.0043770318556622,6.36896295946813
633,165.182209812837,0.00176970825966658,7.47267975121797
634,160.1678489052,0.000740427101450488,7.04854337622112
635,164.081844829858,0.0086110350285391,6.64461463516207
636,164.179131810148,0.00131715164582954,6.50099465376701
637,170.929008360782,0.00437771848855346,6.22397196250282
638,158.789645509398,0.00385074221095529,7.27786564004425
639,178.40254491339,0.000807976296218798,6.07833636174686
640,175.773049985488,0.00217730980294614,5.47960190189442
641,159.657693343629,0.0044492582314483,5.9812061646822
642,177.408420566978,0.000561799857366827,4.65780955438612
643,168.54284975583,0.00435769884205547,5.38754594574387
644,161.43985880872,0.00244193161670657,6.67583987395882
645,157.916601539039,0.00296773846542825,7.97821920021842
646,167.024481850988,0.0041582975713097,5.67441435215698
647,160.003779937208,0.00647022854441955,7.19679675666668
648,179.997074020571,0.00212240281834291,5.52433481080754
649,156.017054034282,0.00970398051856232,6.51180767293979
650,179.503428121407,0.00124367294994488,4.83653874602898
651,178.06300178323,0.00228959705858163,5.44591364888256
652,163.491664451279,0.00228808090425231,7.43000160704224
653,155.369435998008,0.00143590825487271,8.52654007424414
654,174.205025447909,0.00280929293778304,6.42106485667767
655,155.213734161741,0.000855967549727558,6.30865543086263
656,170.114864672352,0.00645462195811163,6.03990992790657
657,150.556416804337,0.00691453264964099,7.16993284993709
658,177.823039759638,0.000183513494903141,6.10881288223699
659,166.984484046037,0.000385478600539672,6.40042057467046
660,164.797610683139,0.000383787419312612,5.64319596487661
661,158.301058980124,0.0066684045484887,6.49870669837656
662,155.074406974151,0.0130720764481896,7.78690847065936
663,172.449456855801,0.00537302965497512,6.03806097594881
664,164.749251574075,0.001220333653118,5.79435096448267
665,165.85939985384,0.00423329876171406,6.76118285121501
666,159.157724667804,0.000868449706249194,10.1037546052202
667,154.067670198036,0.00267651307238371,6.58277701189291
668,168.365494158989,0.00651351964956879,6.56903727757521
669,163.105667565472,0.00641431665498212,6.74707695422955
670,165.264306135424,0.00244622355955342,6.3538536218027
671,183.708703315121,0.00402513648637611,4.88315696439743
672,172.763017820793,0.000185160764946496,4.95184103552063
673,168.766548599443,0.00040923284531843,5.72328354943489
674,169.080699063935,0.00333911458282797,5.73078765858313
675,176.393665093929,0.00222087179013135,5.85983298068792
676,166.917385980916,0.000278427984608158,5.39663808630593
677,163.822940566387,4.02087919868586e-05,6.4631363127636
678,158.108563612955,0.00109222673922367,7.02179933975991
679,178.794334154018,0.0017448112166082,4.94726493597516
680,172.164765082979,0.00229897329367657,5.44809754323897
681,175.469835046816,0.000600340788409341,5.45161375872871
682,178.132343267166,0.002630451468453,6.65933108710546
683,156.665221696565,0.00279068060672072,7.67548395144074
684,173.865349546868,0.00420691433660513,5.26461322562978
685,164.478512062246,0.00071004613852349,6.13352017936675
686,179.059178224471,0.00195608147019916,5.20525459010731
687,181.058353021223,0.0017638209233676,6.84482239275904
688,175.87456939705,0.0010174661328433,5.30125876882777
689,155.73730764593,0.00367502532725727,7.12462009306428
690,150.534042525381,0.00424018271548069,7.72372087167836
691,158.692548453182,0.00236528220274206,10.0553193198239
692,170.758465276462,0.000806959840325736,5.32480771946997
693,162.543374191863,0.00269528186466797,6.62279687557958
694,167.472189434892,0.00020178271559169,6.20077891374033
695,175.269250659098,0.000354790496760785,6.62410265616178
696,173.462556463607,0.00390608524453196,5.19525529907494
697,152.33130289644,0.00268636809341229,8.77319214708657
698,171.335917634578,0.00718377515223261,5.28392074269579
699,177.082331477496,0.00279212821678172,5.40652979536655
700,163.939009005168,2.38919769671618e-05,6.65461401728282
701,165.973026870972,0.0166200114551597,6.19809089815997
702,155.781726532796,0.00445190865218174,8.12652432436544
703,158.326287439678,0.000848183642683878,5.79591363542657
704,153.623849290291,0.00198527966293257,5.93119603260184
705,159.849926437054,0.000146031689444289,8.28821993242652
706,177.259843968201,0.00173218407007142,5.54921662405625
707,156.711726112561,0.00504517377303024,6.6868804635322
708,182.755788347071,0.00270586855835485,4.3265901395033
709,163.472348143704,0.00200769130469976,7.13456767343813
710,177.794583873177,0.00454590836673764,6.51943027879972
711,171.930402044127,0.000857388038971162,5.16310919381756
712,161.308395544432,0.00352681601651423,7.29036268287098
713,157.277711269519,0.00155287307915172,6.55973682848482
714,169.39110205758,0.00133990750910081,6.13309273589342
715,175.854879401618,0.003633031072255,5.40539632920911
716,162.254484751761,0.00290741343762088,6.31758171594571
717,177.740366153138,0.00229931784297652,5.23347144111768
718,150.436441195407,0.00605845433596573,9.2104867582347
719,176.721922564078,0.00488117934234464,5.49314083758599
720,162.092099133656,0.000689924916337554,6.52578410373913
721,189.440862523447,0.000166600929964455,4.78960112307717
722,172.379870326029,0.000315490097464771,5.99747548540731
723,165.607762727783,0.00165637231891549,5.09740976774236
724,173.148576670972,0.000109464508977955,5.08263495669682
725,182.71375554717,0.000556896859688805,5.61688288097872
726,169.820050579853,0.000997349739920743,7.14185965628559
727,173.550953155074,0.000227163072976193,7.03962219115546
728,168.541152615538,0.00411736120034197,6.86301033367125
729,147.755512123172,0.00343316884226193,6.41587379664067
730,174.529348716976,0.00687544147975895,6.02195752003755
731,175.352688772823,0.000541552006725616,5.74017602121667
732,168.516104010006,0.00113808689739765,5.23171263399542
733,160.354925861831,0.00648903791336292,5.5609887698417
734,171.256816156987,0.00255683614741473,5.28932951474366
735,178.370549045694,0.00188582805782157,5.01953648106267
736,166.163111776563,0.00213405725748595,6.89957700076125
737,171.545086048009,0.00584025000496532,7.11755766421804
738,166.418015050852,0.000858482500040974,4.6008730241261
739,161.294980849867,0.00109863104666584,5.8404286459525
740,161.911508707255,0.00364506039371438,6.32502529104149
741,171.889126051547,0.00332569922226448,5.39001682701128
742,164.844790169544,0.0025960799809362,7.08912932987046
743,151.537327832504,0.00291870895047487,7.89901563077992
744,143.663143476601,0.00105389987720504,8.5526543803764
745,173.388288105403,0.00128595610007854,6.2718257816061
746,178.281083441354,0.000276896753386324,6.23765582299849
747,155.921960456835,0.000263478771742959,6.04735487195316
748,173.031849692193,0.00278843991639816,5.6004108010295
749,166.373229373942,0.0012865563951495,6.38789016452073
750,168.394648201406,0.00230887361140484,5.06213769872262
751,179.258283407393,0.00278254123434436,5.56105278243637
752,161.535124070269,0.00251110690861829,6.66154825685579
753,160.195012952015,0.00742812137466211,6.31335653443614
754,162.814119699015,0.000714446942108228,6.1758583144118
755,169.005710351293,0.00640888680130135,6.25466953432964
756,176.709969709781,0.00738880634296443,5.23432245070858
757,168.580998657378,0.000757331357461215,5.26047205225806
758,168.971440096217,0.00209825904660911,5.27081857329804
759,167.928115925045,0.00733985493035113,5.37361276332191
760,177.099747949627,0.00119526741737087,4.88637051503925
761,170.32949665052,0.00649378500950998,6.10591066502336
762,171.564057411297,0.000312273401420041,6.53742824292376
763,165.689900106889,0.00204391513201742,6.31844379952061
764,156.302209217177,0.00417322369884802,6.79530123696224
765,163.875307025483,0.00373106788118968,6.55042655829195
766,169.100362942021,0.00440623585623264,5.86649058476306
767,167.906493639209,0.000769292867352458,6.7691794945828
768,168.609805213228,0.00343681923317478,5.66443026598555
769,183.189947703977,0.0104123960281547,4.94652509981633
770,180.391306998165,0.00196702417587195,5.92954955772498
771,157.088465024102,0.000580217260453653,7.25725665554345
772,171.73256561027,0.000211850862049595,5.68074958431838
773,171.654879698611,0.00389742751727626,5.71011814018738
774,167.925770236868,0.00029023499310085,5.77952746629038
775,172.39436696091,0.00742010757764239,5.73139032870507
776,167.08353457457,0.00393334730682502,6.91137111237422
777,178.303170672656,0.00139411596057967,4.56198744425091
778,166.564092988438,0.00102386498533311,7.96690445119137
779,155.914567927907,0.00209918248887786,9.25306108882952
780,179.678851573365,0.00367059577815966,4.93397846466588
781,177.341822759728,0.00781324638572253,5.1356456194876
782,169.797172896936,0.000520170582021966,5.61081734094089
783,176.836138592166,0.00416326467045427,6.29915442703534
784,169.656060341579,0.00347368238470542,5.85084042541396
785,168.970913348549,0.00163403170298751,6.54111877186434
786,180.744410756386,0.00195384377157691,4.30805609290245
787,167.629961165395,0.00226213458899402,5.6445780779731
788,180.380857127094,0.000693437830593602,5.26447342626269
789,155.904809418002,0.00273294015374442,7.17583093803214
790,159.121283979512,0.00470793608961852,7.37410471266921
791,157.832185864662,0.000336277164958574,5.49643587125333
792,173.724592161812,0.00365563231898242,6.69463613030506
793,170.752298229502,0.001505193080976,5.87687216216418
794,154.64353171529,0.0047535144133818,7.37838701086312
795,170.856145403551,0.00168836173575622,5.41185760821078
796,171.764892943098,0.0043876448688408,5.10468501626495
797,168.297873213016,0.0134891485752613,6.82435044036056
798,174.661593623366,0.00019020801781752,4.56789782524382
799,174.549762698541,0.00359093360589058,5.1614551901069
800,176.765774673954,0.013478085313297,4.55205141099493
801,162.882530493836,0.00101193059525987,7.060075329136
802,161.965133564158,0.000897354672637821,6.90918288116499
803,174.7283438288,0.00115140629267391,4.96350559191303
804,171.966719892397,0.00176013748114277,6.20625056425309
805,160.800917253153,0.000614764780001333,6.14779975279736
806,171.107332651426,0.00266007243224841,7.492576916786
807,166.81940753155,9.69138957068785e-05,4.83236201496011
808,163.290411497952,0.0118216203390864,5.32664598706714
809,174.960521244877,0.00769553964271941,5.82887822370365
810,148.389614030598,0.00262694855462912,7.74692446099997
811,185.232282635422,0.00060286238357609,4.7791113321169
812,158.030712232709,0.0025831716226744,7.3756843858424
813,162.552478882222,0.000577823267065915,8.0416082517333
814,177.375805342105,0.00186126854961058,5.32609596982397
815,175.873910440055,0.00297470087740901,5.68942684897884
816,161.219798972216,0.00117490595815392,7.8781831038252
817,169.671954392195,0.0063573204317037,6.30021379985928
818,164.320812537379,0.000257296713568764,7.19252536764149
819,161.358246691429,0.00543107874793455,5.87803579805657
820,165.910834886714,0.00126411215832605,6.50273176767759
821,178.990959394288,0.00139410126625421,4.90460941664481
822,160.934064980133,0.00445788478969787,5.59397512769899
823,168.325493743392,0.000657835900793485,6.16492132745337
824,185.057159559645,6.32527760586283e-05,5.39271325678288
825,149.371266630967,0.000742833664147421,7.45843618258538
826,160.079988565009,0.00150336929383452,6.32586653968854
827,159.015896947927,0.00133481224319646,7.39980174374955
828,181.682100623826,0.00267149109729899,5.67763007453405
829,157.902848656114,0.00108506964440433,6.96462239514242
830,162.253689733358,0.00253731614123567,5.88713438703966
831,163.749067486733,0.00207677853845806,6.75707628946203
832,165.526400169492,0.00315391556140368,7.7143897885145
833,163.201126366439,0.00111674398970226,6.83245884166383
834,172.476763838127,0.00191376532140831,5.47579214905326
835,164.301577007349,0.00509975285163563,6.09916698233229
836,171.265817979048,0.00305197887521531,7.19139518946909
837,172.158683346116,0.00199480591737765,5.46174427573183
838,175.288544583475,0.00393457794284469,4.41759487145141
839,161.304435167403,0.00244661152872865,5.33465537292272
840,173.474891348789,0.00629653385767145,6.14515706071446
841,173.398956007947,0.00223120452154836,5.69610612327294
842,172.634142922583,0.00864283249072619,6.38841408282013
843,161.380450095031,0.00737756212487041,6.00484589350193
844,175.666042523414,0.00134444265583906,5.33653541402483
845,170.928252092933,0.00138422609544982,6.56999282036357
846,166.130965905721,0.00342455216476341,5.51468292539753
847,180.736628718078,0.000780301755958942,5.01329492379926
848,175.8514851202,0.00529332418504983,5.61829612645458
849,154.999956021844,0.00277055018075172,6.48258262325231
850,163.415010461171,0.00490957006590515,5.85239603815154
851,175.102322613347,0.00435009623166043,4.74694933288703
852,171.343327577368,0.00359266332191991,5.62212378776594
853,152.884596858139,0.00435471158569467,7.2409138638364
854,158.877338239502,0.00593438091172955,8.26713414026534
855,167.025351331359,0.00126292279913707,6.32615128026502
856,165.026591534911,0.0118147768848796,6.98710183009878
857,179.381357759213,0.00478870832588459,5.0748436975124
858,168.304788479971,0.00640102138109086,5.79008424212254
859,182.580486048892,0.00190695448711499,4.75678554597777
860,173.144855213514,0.0149011756721216,5.34147032007928
861,166.419413327688,0.0018075442688063,5.17804254920783
862,168.676250768162,0.0001989500745705,6.84131643580217
863,161.004054840419,0.00279369045522039,7.44688859465734
864,166.812114525137,0.00270834433232311,6.83813309128393
865,149.641775417952,0.00630905346684273,9.1011221860149
866,171.165519530842,0.00249208202809098,5.51680167012681
867,171.821200007317,0.00372862203034706,6.36873310292561
868,167.889659915512,0.000364896211240758,6.68718650749826
869,168.867420500387,0.000241013774513431,5.02086607961998
870,176.854430530686,0.00172437846235092,5.24857720243478
871,164.879324781578,0.00392650083230158,6.44590305630348
872,164.494288418344,0.000474657178515004,6.66000926869027
873,177.397852173782,0.00153451915444273,5.85462282292751
874,171.080561568757,0.00208526308352254,5.71542261149721
875,164.124058953501,0.00315530395703067,8.3846582642016
876,153.76481985839,0.00054766125199568,5.29248121619163
877,164.465745821298,0.000651202825826876,5.70845931664872
878,162.94178465553,8.63070870320588e-05,7.05836142711628
879,143.319208695077,0.0100820023637825,8.39489212322154
880,175.774724161916,0.005523686195411,5.33062143633865
881,184.541510482546,0.00176886980900862,5.60601775049147
882,175.656210122223,0.00275829350976919,5.94040679531333
883,172.038588796105,0.00745283680770608,5.94917662664496
884,175.388468355016,0.00902099296057974,6.13530773291338
885,174.432446640292,0.000261653614623969,5.17414312580296
886,176.941354320351,0.00277629470212209,4.72825096311686
887,163.021427589131,0.00500655320535745,7.96028225003676
888,163.520417403826,0.00646763669202484,6.5535700299851
889,162.206489346384,0.0028847049952601,6.03481261312553
890,169.5409196445,0.00190996532868074,7.10013881601782
891,179.896003435559,0.00526779566578904,5.49936154715982
892,152.10867365019,0.00294881281689072,7.9434967289794
893,152.097972649702,0.00204567543088652,7.59220036474737
894,156.534655012387,0.00373429120344579,6.56844065115008
895,167.150473245259,0.00119131839517756,6.82047093586085
896,174.228619477205,0.00287318923096838,4.88048404429383
897,171.296920872018,0.00280599798393791,6.68283006854311
898,183.583227974753,0.00766766691325315,6.13407839914344
899,157.98770891425,0.000347622865520938,7.32512782888256
900,175.425612324243,0.00193364703572839,5.00300362226149
901,170.690579339689,0.00244279931930317,5.19160001447492
902,162.475936500411,0.000427014306645009,6.27649992869221
903,166.182306094813,0.00116213634644448,5.76872862168031
904,159.174561784618,0.00199383083591144,7.76643844785365
905,183.103948692225,0.00429460684488237,5.37085292244157
906,187.721914074821,0.00164918322821372,5.2392989350039
907,181.451631905654,0.00676511669432353,4.78488740680397
908,171.567771100676,5.10152428556004e-05,6.44389719208843
909,180.073214271693,0.00316423431777424,5.32624840824317
910,175.851120644445,0.00216690534584418,6.80562209855278
911,163.819561242758,0.0036235289137701,5.17623001536625
912,173.103585947206,0.00553807605638729,5.63105115081725
913,175.016304434442,0.0077459047253849,5.86145467810809
914,163.449314592491,0.00357867459052704,5.47289541096605
915,163.618886046402,0.00138600857356128,7.35231326787284
916,187.904931216176,0.0116107512309321,4.65783295861176
917,171.426852929813,0.00139833257805004,6.32028749781401
918,158.03018030308,0.00400555792644978,7.18030575161728
919,161.888166945302,0.00125121126523765,6.11026855297604
920,171.121696260465,0.00209527927645675,7.30666714013141
921,159.919027355332,0.000425582200434876,5.82065844162927
922,172.573400222054,0.00700288618781009,5.83478648410356
923,175.714365455842,0.00190832777718208,5.86797810603011
924,179.828179035024,0.00536016013046527,5.66195780463944
925,173.464119140608,0.00245791215902157,5.84833934964973
926,162.232400933023,0.00669212674977401,6.21851270160512
927,151.814282910267,9.11447719156653e-05,6.66568637566702
928,181.594702072668,0.000833483494036207,4.32678601826904
929,164.109480715753,6.14127668208302e-05,6.61857192128996
930,160.140777694884,0.00236222752908086,7.36818264921428
931,167.324829595719,0.00148302423262669,7.39765209087111
932,169.750295803346,0.00189848618994729,5.70273442872334
933,166.255959146249,0.00129938715507679,5.46029693672126
934,168.879643617204,0.00654605250939554,5.91327503408592
935,159.821644031186,0.000325990828658607,6.74423533883403
936,155.517375483159,0.00192451152478867,9.08372245805691
937,166.722377621741,0.0134249859940595,6.01816751583564
938,157.476361653195,0.00629319591487005,6.44633914293427
939,161.795220501821,0.00155824152037907,6.17346728787409
940,155.679576559541,0.00534203898918062,7.1041835824806
941,168.74825266758,0.00164384299232727,5.17438541690263
942,168.111687898701,0.00316257130904691,7.45468260831928
943,163.481699041589,0.00072545593350069,5.76995749834642
944,179.000105319759,0.00355370725965391,5.46913098649025
945,153.659938615217,0.00289790090106102,7.69392518829354
946,166.134399644709,1.74040267558732e-05,7.40591046343415
947,164.152271162397,0.000331889820095497,5.80845153867707
948,169.436051555743,0.0010934481447305,6.40032851000217
949,166.505039772665,0.00338155224963114,6.03878566048168
950,159.198386588696,0.00298367996600396,10.0096864704659
951,174.27949044917,0.00609195245291613,5.95479743190091
952,167.317910287491,0.00110865933686554,6.47352347568065
953,168.991758531437,0.00305229019013968,7.08597405506108
954,167.735028375006,0.00206313977457352,5.45569446490835
955,176.154442237639,0.00202869406665415,5.76749884342915
956,173.315632385029,0.00076025024776024,5.48739483833385
957,174.939032159981,0.008481977894677,5.18139912893698
958,169.333174727098,0.000150101832347225,5.13341910216619
959,158.595236039567,0.00254270320355117,7.15367406906806
960,161.748410475172,0.0057849083126278,8.34728413520349
961,178.839939882059,0.000823264774322499,6.25809038019205
962,164.068967684462,3.32166064763691e-05,6.18835263470135
963,162.436858417414,0.000638051599861596,7.3596199878564
964,173.827672434922,0.00385299383467025,6.15045243462663
965,170.05665728896,0.00358306843067469,5.45162162735713
966,162.460594328085,0.00845784084547556,5.51750394685411
967,164.198164542923,0.00207377009319142,6.25842838900692
968,162.543070304757,0.0100299813371196,5.91658255478381
969,158.350636382871,0.00246712865369115,6.21170431806233
970,153.807616816099,0.00566285112553654,9.29015417373487
971,167.48273541789,0.00318535966515653,4.92679348406938
972,172.676487179905,0.000124786165703507,5.25159420006626
973,156.377237505082,0.00153192154741381,7.56190781626401
974,176.482365676292,0.00900443556814838,5.11586577439295
975,176.820315117103,0.0014313425942446,5.02987650323086
976,168.69602719638,0.0066184968491027,7.94516707561539
977,163.769247108424,0.000115511872766132,6.83897535497704
978,159.339899157066,0.00198977567429399,7.5104408947102
979,173.478727279169,0.0035353281308762,5.04643864075928
980,166.444275790834,0.00219953845302238,5.9232602080245
981,162.816957043541,0.000583838478522378,6.7210980680659
982,160.028187670163,0.00341787105873249,7.49481721628492
983,169.555050593858,0.00016100865455754,5.77611512673789
984,160.411748860315,0.00680887227776733,6.97611937311686
985,171.720715460105,0.000871631210379827,6.10067075658433
986,156.107702559096,0.00416937200288461,6.88388478259411
987,164.024095893326,3.84109016143588e-05,7.48898037151536
988,154.658957834512,0.00547732893329253,7.22033906711111
989,172.232434280207,0.00019915611448267,5.59381901693304
990,152.539654966487,0.00071917164870301,8.52404993096334
991,170.48508069408,0.00208693455290196,5.61859743110859
992,181.613247743941,0.000288731318889481,4.72493532495563
993,154.79552793092,0.00139877031216462,7.84543879055217
994,167.089975253833,0.00662909554715656,5.28479143234511
995,160.068618727042,0.00166402190038994,7.32579654096316
996,169.678182123376,0.00892207586826729,5.7286737871058
997,156.885956685083,4.55100581047315e-05,6.0201298335565
998,172.398093009721,0.00628372859966733,6.02317851835778
999,141.559261682628,0.00184362433459794,9.97544459979942
1000,160.874167679933,0.000296986379826309,6.6744956403267
