"Gene","direct_effect","direct_effect_hr","direct_bootstrap_se","direct_ci_low","direct_ci_high","direct_p_value","indirect_effect","indirect_effect_hr","indirect_bootstrap_se","indirect_ci_low","indirect_ci_high","indirect_p_value","total_effect","total_effect_hr","total_bootstrap_se","total_ci_low","total_ci_high","total_p_value","bootstrap_attempted","bootstrap_failed","bootstrap_valid","basis_k"
"DDIT3",2.43023891737861,11.3615962385489,0.839234577394336,1.28792358580333,4.28407533287306,0.01,-0.246194715538202,0.781769987340611,0.308386938791883,-1.00759249237912,0.289824186924793,0.3,2.18404420184041,8.8821549475795,0.828770112031664,1.09226195291826,4.26446119948478,0.01,100,0,100,3
"DDIT3",2.47358096610232,11.8648585251296,0.906372832782549,1.02974814007598,4.66497679200263,0.01,-0.273315068312126,0.760853029181093,0.477327125907009,-1.08622527011866,0.571263319444003,0.48,2.20026589779019,9.02741354964994,0.83812444765454,1.12360715597491,4.38829810365443,0.01,100,0,100,5
"DDIT3",2.28905244863497,9.86558510221803,1.24080566707532,0.335941500110555,5.25350455990554,0.02,0.0542734944622229,1.05577331082704,1.02656357673953,-1.58278319589902,2.30092656265763,0.9,2.34332594309719,10.4158214466147,1.06448752360841,1.04640904907692,4.77822727293747,0.01,100,0,100,7
"DDIT3",2.24260996673708,9.41787959084593,1.47473250917856,0.192043269654611,5.97818155056112,0.02,0.261350716761964,1.2986830554886,1.18669319417107,-2.40710773257029,2.67487963779274,0.72,2.50396068349904,12.2308406432635,1.18543033740404,1.49899140385501,5.74873924434152,0.01,100,0,100,9
"EGFR",0.43891607850285,1.55102511757578,0.620420067129815,-0.595635798707412,1.46369328162349,0.5,-0.182801995664363,0.832933063768221,0.222164409826189,-0.71489715162153,0.145145655004422,0.34,0.256114082838487,1.29190010316386,0.568729930022622,-0.742470630568322,1.20854807456699,0.7,100,0,100,3
"EGFR",0.443430612019288,1.5580431019974,0.6995771938349,-0.873892676608151,1.64332674606627,0.58,-0.175359293916711,0.839155463145459,0.284644186759513,-0.819230084787666,0.323602378625859,0.4,0.268071318102577,1.30744038085721,0.61626635355373,-0.858819617365079,1.28288003202085,0.74,100,0,100,5
"EGFR",0.0114412166393471,1.011506917686,0.72745838972468,-1.56553892700677,1.30338608847634,0.82,0.165131304391899,1.17954798837496,0.456816577061239,-0.650561132427586,1.07704740863349,0.66,0.176572521031246,1.19312094998388,0.682062888603337,-1.27491004994378,1.26250288143885,0.7,100,0,100,7
"EGFR",0.140762694795801,1.1511514413415,0.793372273168731,-1.46344535209086,1.7368478242277,0.98,0.0335389383811013,1.03410770942242,0.557122448545163,-1.0043145449478,0.996837052458145,0.86,0.174301633176902,1.19041458020397,0.719644704160877,-1.32441243224543,1.41246783444141,0.74,100,0,100,9
"KIT",-0.220105654403537,0.802434012796594,2.67667741276442,-2.15525171724351,2.49349147643587,0.82,-0.123333499489575,0.883968810249988,0.340550049966412,-0.79309123957302,0.666459818061651,0.5,-0.343439153893112,0.709326639595929,2.64509403700682,-2.34949014807376,2.62672406268226,0.98,100,0,100,3
"KIT",-0.179595174198053,0.835608418797368,2.71872174591283,-2.30389402997137,3.53816272184399,0.8,-0.157149038408767,0.854576684576855,0.545417262883427,-1.06916441723707,0.841084550949587,0.56,-0.33674421260682,0.714091472140363,2.66940031202246,-2.33576993419307,2.72798320751426,0.96,100,0,100,5
"KIT",-0.422177133075691,0.655617897492798,2.85515679947051,-3.88845879191135,3.40657667308704,0.94,-0.140905967390002,0.868570981854171,0.983092140266655,-1.80010354986828,1.80031122057591,0.7,-0.563083100465693,0.569450680946487,2.77972181070285,-3.26727577161929,2.57062028712032,0.84,100,0,100,7
"KIT",0.344664767283378,1.41151665378258,2.83029048183845,-4.50748395489858,3.08239705127296,0.62,-0.310803398854894,0.732857942417724,1.01883824869339,-1.92527898471613,1.65716494331333,0.64,0.0338613684284845,1.03444119057945,2.81083899553141,-3.34920504813396,2.89933034102135,0.88,100,0,100,9
"MDM4",-0.219861442896737,0.8026300003462,0.86240944125584,-2.34374476344203,1.19170934142711,0.808080808080808,0.139011982495633,1.14913786946061,0.564576927155233,-0.579921500114797,1.48984604160659,0.98989898989899,-0.0808494604011038,0.922332528563003,0.563218928420233,-1.35493992721363,0.8227298372937,0.787878787878788,100,1,99,3
"MDM4",-0.227253030496247,0.796719162538176,0.981435312461601,-2.39479798458427,1.49635951919468,0.727272727272727,0.185507277750976,1.20382896091065,0.660275918978168,-0.938634495452417,1.64458795083031,0.98989898989899,-0.041745752745271,0.959113601575935,0.596038563130289,-1.55780859905669,0.815837631913636,0.848484848484849,100,1,99,5
"MDM4",0.00769052166045063,1.00772016967632,0.969268883690539,-2.23411144587928,1.49425588340738,0.888888888888889,0.0179359507723348,1.01809776592588,0.770411784445699,-1.35259349402834,1.69786009788883,0.828282828282828,0.0256264724327854,1.02595765342592,0.658581794629154,-1.69653893790743,0.92872275721664,0.848484848484849,100,1,99,7
"MDM4",-0.0913056600419248,0.912738680513866,1.07165333365275,-2.2247894397474,1.66168414169774,0.767676767676768,0.0725159876361104,1.0752099960189,0.887183683053271,-1.21155944703188,2.03263331035744,0.96969696969697,-0.0187896724058143,0.98138575304161,0.80840472890832,-1.67943646795883,1.30611227443341,0.828282828282828,100,1,99,9
"PDGFRA",0.129881577168145,1.1386935280276,2.02230790029986,-1.9388466830128,4.2908484447986,0.8,-0.0809888930273985,0.922203934281556,0.316096808845826,-0.7361144989547,0.511645303378017,0.68,0.0488926841407463,1.050107651488,2.10957381065846,-2.16163261579435,4.32208348233384,0.84,100,0,100,3
"PDGFRA",0.107172470674375,1.11312621955443,2.15438345180098,-2.07335753634048,4.3430409721408,0.7,-0.0741251271516483,0.928555499067133,0.448285523792052,-0.898911655110489,0.974170206998257,0.86,0.0330473435227263,1.03359947232307,2.14276398194882,-1.8867560474187,4.28810546782946,0.9,100,0,100,5
"PDGFRA",-0.00728766837907176,0.992738822285342,2.13038595296409,-2.32902799885593,4.15297593036231,0.92,0.0782035108391732,1.08134270123936,0.829614525370263,-1.5961656350626,1.81493711328581,0.9,0.0709158424601015,1.07349087971522,2.25616331303967,-2.13596686683607,4.06013509070341,0.84,100,0,100,7
"PDGFRA",0.192598107339372,1.21239544276411,2.33485042040176,-2.983052943831,4.7756130777806,0.86,0.277433933087961,1.31973892518799,1.04645766363882,-1.4265350760634,2.63699366920577,0.72,0.470032040427333,1.60004545853632,2.37455259901764,-2.18183758586099,5.61678803632308,0.62,100,0,100,9
"PIK3CA",1.08375259459355,2.9557504990266,0.837920273920214,0.185299560880769,3.6286559982318,0.0404040404040404,0.0428769634027324,1.04380946018552,0.258791774283423,-0.531605400799616,0.454133608136805,0.94949494949495,1.12662955799628,3.08524033283202,0.853040173859068,0.200995068292786,3.69353195348661,0.0404040404040404,100,1,99,3
"PIK3CA",1.13518425376435,3.11174684115652,0.961025347940215,-0.00489984562319755,3.73281300125292,0.0606060606060606,0.028953687088395,1.02937691992886,0.36263909352238,-0.954616189808399,0.475448302395787,0.96969696969697,1.16413794085275,3.20316037894807,0.879878453742212,0.0322041259367846,3.82761423642443,0.0404040404040404,100,1,99,5
"PIK3CA",1.25728372411539,3.51585846378112,1.18508202349202,-0.199824799105387,4.16109166270144,0.0808080808080808,-0.0925750495369207,0.911580794680682,0.464866932377255,-0.933026648464728,0.804855183440441,0.787878787878788,1.16470867457847,3.20498905239839,1.12006722557558,-0.0187227405249893,4.43890311851729,0.0606060606060606,100,1,99,7
"PIK3CA",1.29738884981215,3.65972808088147,1.30986328167821,-0.425327707034253,4.27690850287567,0.121212121212121,-0.0606329874710336,0.941168597063899,0.51473613524965,-0.94580070370593,0.883040275640133,0.909090909090909,1.23675586234111,3.44442114351857,1.22979454307157,-0.14569045219098,4.41579884754256,0.0808080808080808,100,1,99,9
"PTEN",-0.702104842821182,0.495541169034884,0.799744963804236,-2.28087589834963,1.13104181068471,0.36,-0.111168774734588,0.894787718624617,0.316728007393695,-0.634558008169047,0.51561445249839,0.62,-0.81327361755577,0.4434041521253,0.692612485185689,-2.16095485718865,0.598721801580772,0.26,100,0,100,3
"PTEN",-0.765131047235889,0.465272954244397,0.926440601373468,-2.64199196001629,1.18135254554769,0.42,-0.0700495693730887,0.932347602874308,0.459816565847087,-0.969932054964166,0.87506624520633,0.78,-0.835180616608978,0.433796123572011,0.71722534841225,-2.23689835164042,0.622975841454183,0.28,100,0,100,5
"PTEN",-0.379775292329867,0.684015095382898,1.09590380955391,-2.27186216163434,2.16351693902529,0.66,-0.436524000849036,0.646278986455686,0.790565888917149,-2.60973732723314,0.851483115737178,0.38,-0.816299293178903,0.442064582564449,0.828445231983614,-2.48243932939889,0.68505905018878,0.3,100,0,100,7
"PTEN",0.132616138063947,1.14181161617957,1.13874528734252,-1.8385500947653,2.4200302887146,0.88,-0.837081566302032,0.432972282252597,1.24717843418713,-3.81210706969799,0.981219022546452,0.24,-0.704465428238085,0.494372781359796,1.24322218928215,-4.03412885249048,0.825387151726102,0.36,100,0,100,9
