"SampleID","Basis1","Basis2","Basis3","Basis4","Basis5","Basis6","Basis7","Basis8","Basis9"
"TCGA-02-0011",-0.902611176713904,0.325520147639998,-0.260167235756087,0.293737977760079,-0.42137349647828,0.580264067664462,-0.646462941843488,0.598510401300597,-0.737054004437584
"TCGA-02-0027",-1.19492737922946,0.824050251711467,-0.863763787489961,0.783965852791626,-0.83135776775321,1.01553303652707,-1.08548797474132,1.03549416334648,-0.76122432544754
"TCGA-02-0033",-0.767011883583836,0.456917490095663,-0.705841285224565,0.843642380875856,-0.8456907839998,0.767327881406997,-0.584802068484779,0.572417770756254,-0.538745195897336
"TCGA-02-0034",-0.839519370523195,0.537304739562126,-0.587868361145815,0.668400722835436,-0.994851414517461,1.14280087143725,-1.05583279898015,0.875711622873746,-0.677357491489119
"TCGA-02-0046",-0.91892003719076,0.57430762261711,-0.681633256815184,0.782335069969444,-0.829527501533564,0.848617879462761,-0.90401194524962,0.740146346352369,-0.618291047756008
"TCGA-02-0047",-0.806285050119555,0.707196658495302,-1.05379265812479,0.91644816579336,-0.857064139237116,0.877515081661342,-0.804239311435909,0.716521388795526,-0.650339537304496
"TCGA-02-0060",-1.40535511034017,1.41807470797951,-1.42799256123542,1.38196808814159,-1.45482803006746,1.55135599466765,-1.41097588318706,1.17797909344617,-0.83094038310595
"TCGA-02-0064",-1.1898588490032,1.02912072031851,-1.28530105795496,1.29179011901378,-1.2788236812488,1.32982184333465,-1.173742034794,0.9922299128053,-0.799820269537951
"TCGA-02-0068",-0.77931539311322,0.531729592149417,-0.657122119990628,0.699161469532757,-0.885386075625544,1.10660766801128,-0.847833748610001,0.753558697410047,-0.621901968208584
"TCGA-02-0069",-0.819910464212117,0.57516628396697,-0.673626838448743,0.768616171946117,-0.905270971964865,0.937854902130169,-0.988712749002241,1.09720278156011,-0.859927377375212
"TCGA-02-0070",-1.07760192745066,0.929994995121282,-1.03153599706023,1.15372434038301,-1.24604568581342,1.18281371548739,-1.03116308822978,0.891646958373189,-0.695863558853864
"TCGA-02-0085",-0.809148282258373,0.526725345381271,-0.660319825034158,0.768508009824666,-0.962990553593747,0.98291829387773,-0.798143527197583,0.695429770026386,-0.548789566136518
"TCGA-02-0086",-0.93301609514298,0.406146589850837,-0.487197269264033,0.369805707192362,-0.385497912479343,0.460450414790282,-0.54736015327236,0.592380955537813,-0.6659518318133
"TCGA-02-0087",-0.894647459005803,0.707878693389939,-0.654882543309355,0.583225032738386,-0.625097783860774,0.796592951134928,-1.0073183806407,1.06210853419601,-0.716119508279851
"TCGA-02-0102",-0.564782663658198,-0.00284451066565,0.008759260239378,-0.0620042007524607,0.00721499147749878,0.123919165239048,-0.328987088182936,0.533361199759989,-0.59883731847543
"TCGA-02-0106",-0.683231052558772,0.281459677975519,-0.349418023089492,0.401313291492916,-0.707095409720232,0.825286733754383,-0.81165207615266,0.846769618192659,-0.614140438918976
"TCGA-06-0122",-1.40509163885755,1.30878755449931,-1.48709520098983,1.27161980695507,-1.16796121534646,1.16045426747283,-1.02199095708146,0.928857924236944,-0.728792167212875
"TCGA-06-0127",-0.794947518408218,0.45517287389334,-0.612432068107593,0.678724566154662,-0.779522376571599,0.742177306167394,-0.714783707076584,0.637377160062619,-0.535670072291896
"TCGA-06-0129",-0.645887341829913,0.355760132450193,-0.535605148532728,0.594322695163364,-0.466572905370011,0.337834730453036,-0.32908744621196,0.377770558971963,-0.416531692929416
"TCGA-06-0133",-1.22529396020956,1.05344387542512,-1.19363830925587,1.28626679475085,-1.36659793168136,1.34995770140504,-1.12797115824007,0.94948550014264,-0.785874941498274
"TCGA-06-0137",-1.00920001273602,0.631547422941852,-0.45655701811309,0.592855101623864,-0.657932329162237,0.77571136569915,-0.835473092702714,0.904580094039327,-0.695171718017519
"TCGA-06-0145",-0.846377280581868,0.306959515509507,-0.475146021490977,0.336150205478255,-0.349451779523201,0.733898286163968,-0.961773548786288,0.791828027535924,-0.60344229202888
"TCGA-06-0147",-0.779997873877412,0.611567279392463,-0.849540454755557,0.833400952015712,-0.831501782143306,0.831374685743185,-0.721450320088378,0.652273947884342,-0.579610495559071
"TCGA-06-0149",-1.22389911390702,1.20829071254526,-1.38549730171807,1.15970089687119,-1.19394605784289,1.33350666884412,-1.30494511912252,1.17568955735266,-0.806518312895386
"TCGA-06-0154",-0.855958880423429,0.712609731439295,-0.889896667718005,0.864045655599994,-0.76779391225772,0.870686852142341,-0.837086693019688,0.70060163962291,-0.585439329391193
"TCGA-06-0158",-1.03200552226992,0.819699193247155,-0.838562171225855,0.9005562033204,-0.946881366173599,1.04066266941167,-0.888314323672334,0.690046000360042,-0.609201232455663
"TCGA-06-0162",-0.946700827350872,0.522982824018365,-0.648673638538251,0.620049792973425,-0.779136287373685,0.937981750299346,-0.950324566026462,0.896772641151605,-0.641210450926602
"TCGA-06-0164",-0.632740311050623,0.265221714448972,-0.270929231665984,0.268198396412641,-0.586989395462177,1.13107703788869,-0.947807163645151,0.699976437844839,-0.61033390439381
"TCGA-06-0166",-0.913880157704143,0.673540488785073,-0.705205408513047,0.664350133346518,-0.654042959365465,0.579147331137121,-0.618356605811243,0.603115551095919,-0.53028982600834
"TCGA-06-0168",-0.786030235848073,0.617612804114762,-0.733488994396912,0.661335670046874,-0.598668978379026,0.593062038779429,-0.587085378047877,0.605983139799359,-0.530376760765271
"TCGA-06-0171",-0.970351022482203,0.649419015827807,-0.752627514081782,0.785708021168313,-0.934544474555268,0.997973802639564,-0.87274540843076,0.765817750466581,-0.726519430775386
"TCGA-06-0173",-0.963672372072002,0.814018452092535,-0.93648565354531,0.874187021576118,-0.920084025938873,1.01496798602669,-1.03480659212282,1.03186778321634,-0.800403524039286
"TCGA-06-0174",-0.93430516082291,0.94479148429671,-0.974149350038989,0.837416685758966,-0.867770225149664,0.893362221105027,-0.830532162882055,0.756891536764387,-0.684610983910371
"TCGA-06-0175",-0.829145370718755,0.573786123254299,-0.691334111725369,0.602378612368606,-0.444454261017692,0.460814323561367,-0.527640619768838,0.612984675030402,-0.546270818974534
"TCGA-06-0176",-0.789512717823214,0.70250503993251,-0.642394286983031,0.506881252918221,-0.693995892324137,0.849715371415827,-0.796541266732934,0.752691061380283,-0.64197022653174
"TCGA-06-0177",-0.479374685808013,-0.116797987690612,0.102919391467904,-0.158795616050844,-0.201860260249767,0.746965971791992,-0.755401336617302,0.575984858101291,-0.50232221251787
"TCGA-06-0179",-1.29360469849965,1.12716187498735,-1.24138675056895,1.30534601962559,-1.64115786678047,1.92434621160492,-1.55168219793143,1.19394402370048,-0.795209848482449
"TCGA-06-0185",-1.23549399153535,1.17305853470545,-0.643968156784736,0.753408296670759,-0.812504535182773,1.11225059428315,-1.11489132451431,0.988862354144477,-0.652233609818841
"TCGA-06-0187",-0.869723096343392,0.58045069159659,-0.567339961292733,0.433150885058083,-0.51445036829214,0.625456577252131,-0.718710306668137,0.685988396896718,-0.617440075859902
"TCGA-06-0189",-1.13740369551873,0.775802454470373,-0.96670466711642,1.04447466220324,-1.14060416501887,1.14426387856839,-1.02962515837081,0.860305478620545,-0.667083834858394
"TCGA-06-0190",-0.780400398916282,0.486456080145667,-0.564804020438676,0.678782858709839,-1.04281838437349,1.12564164752702,-0.821023650355298,0.679475346984751,-0.570458882740683
"TCGA-06-0210",-0.900205410150191,0.775355161926416,-1.08626086163984,1.10224804718001,-0.909714280512732,0.876715364999306,-0.756003035972309,0.67229698225961,-0.59774715972972
"TCGA-06-0237",-1.05064004297585,0.751023631111034,-0.965146405898158,1.04787242688243,-0.84618025112771,0.636441701741898,-0.615386482750632,0.597591507437889,-0.575238325774961
"TCGA-06-0238",-1.18383831709547,1.08253870723853,-1.3561466103962,1.2994768648382,-1.40867330968558,1.48412765868091,-1.17340261187776,1.01049260297776,-0.718755510308157
"TCGA-06-0241",-1.10349573406426,0.92999120174216,-1.11640049911479,1.32768206394859,-1.4817232732491,1.52017118204324,-1.17288779760928,0.944793554265294,-0.724175721277503
"TCGA-06-0644",-1.18836010539976,1.04546342076829,-1.24156510211524,1.35908841613367,-1.42162530999756,1.28346786717532,-1.06660424208222,0.923052149673571,-0.700402818112601
"TCGA-08-0350",-0.358940598276777,-0.0441883915180357,0.0566466704352432,-0.123874060311758,-0.0354903699016366,0.330411170567605,-0.48628185208447,0.444756985070981,-0.458949729675675
"TCGA-08-0353",-0.522378294261668,0.229007877683833,-0.307747392309911,0.33849860649799,-0.398768113582104,0.465045111961379,-0.542628385208548,0.511966844091,-0.462769990125964
"TCGA-08-0357",-0.271597436304487,-0.164845938233825,0.0736272299851805,0.0867112155506942,-0.157055486396502,0.112401004139731,-0.20315494067217,0.307290515508048,-0.430573308172913
"TCGA-08-0358",-0.899754357851468,0.586279908546877,-0.701498003261094,0.732532956700342,-0.739411139522838,0.736765816311897,-0.832594646293147,0.840162710985075,-0.54212568875503
"TCGA-08-0360",-0.548403130163935,0.177908137152989,-0.174360990713108,0.131572518652438,-0.294703169595087,0.374629428447237,-0.380434941958032,0.481576996697707,-0.433650706606062
"TCGA-08-0385",-0.63394337331414,0.281033510506203,-0.282561613010832,0.327333246561255,-0.373578925663942,0.438707729741779,-0.498731729771818,0.539716479453789,-0.498188453919618
"TCGA-08-0390",-0.751803150080507,0.515638901248436,-0.368458662369702,0.247022114023471,-0.314795742407038,0.39968242150574,-0.404822853604493,0.475606361502967,-0.548142867343645
"TCGA-08-0392",-0.458168479799823,0.213561032312978,-0.297179490365936,0.112875962615826,-0.20405300145906,0.449207291704292,-0.484131958788736,0.482978945921794,-0.534370915576035
"TCGA-08-0509",-0.472137118436094,0.211432463519861,-0.375354344563977,0.220415550984342,0.0804900476304778,-0.15031272949251,0.0233061818468375,0.155960158440358,-0.315971724219158
"TCGA-08-0510",-0.684817596953143,0.178047157623553,-0.221463705891879,0.248881182061094,-0.242302715152798,0.301872348255963,-0.394762394755722,0.49970437789036,-0.551245429719874
"TCGA-08-0511",-0.659102822392685,0.33248049840341,-0.467549526059756,0.542223701739214,-0.614059555641686,0.631211227105115,-0.607574409186861,0.464656696140309,-0.467912254691505
"TCGA-08-0512",-0.717881233868109,0.521565732955824,-0.824932603330575,0.89300214145096,-0.638328387025666,0.560559219835261,-0.545712779708889,0.614468917044019,-0.57414863905748
"TCGA-08-0518",-1.06799027446535,0.82440353902192,-0.897683568232298,0.958789014384467,-1.40290541207866,1.75881847177315,-1.23858600130629,1.04046682908727,-0.742876176044222
"TCGA-08-0520",-0.460379462348064,0.0183090532115705,-0.0626326866106994,0.141899085519089,-0.39695832298598,0.51734609098431,-0.630810263350029,0.596726721909837,-0.52220692124426
"TCGA-08-0521",-0.529249921520516,0.182526291062387,-0.334224888245833,0.298001887567521,-0.275194573679241,0.344206039211122,-0.393076671578106,0.448408913545937,-0.56578752026775
"TCGA-08-0522",-0.757052154517317,0.295140825220671,-0.349310425292919,0.18118951947566,-0.230624776714673,0.332978878695623,-0.511469979508552,0.61400574388308,-0.572531886782225
"TCGA-08-0524",-0.705280664422729,0.0874525766601276,-0.112368087309619,0.109550663897797,-0.264890407709863,0.543036228715114,-0.621537588276016,0.421750681462193,-0.437227444969047
"TCGA-08-0529",-0.578991460264162,0.323371461869054,-0.36066578753114,0.240799455736818,-0.228978516392023,0.317433807819624,-0.397109313825793,0.517803387852343,-0.575555224597858
