"K","SNP","direct_log_HR","indirect_log_HR_coordinate_1","indirect_log_HR_coordinate_2","indirect_log_HR","total_log_HR","direct_HR","indirect_HR","total_HR","cox_concordance","functional_variance_retained","cox_warning"
8,"rs929708",-0.174865995269274,0.0391485873651616,0.042413257690061,0.0815618450552226,-0.0933041502140515,0.839569519518745,1.08498031617669,0.91091640273976,0.647186492611152,0.66622013028841,""
8,"rs11719939",-0.0241540434425872,0.0312976794951375,0.0429818331763112,0.0742795126714486,0.0501254692288615,0.976135330928963,1.077107828711,1.05140300682499,0.644377772812869,0.66622013028841,""
8,"rs4639533",-0.172225319201376,0.0495495923512522,0.0602783769554657,0.109827969306718,-0.0623973498946583,0.841789480465133,1.11608605288545,0.939509498612821,0.644282021001564,0.66622013028841,""
8,"rs2515029",-0.0386960988995204,-0.011583037401823,-0.0482798400253563,-0.0598628774271793,-0.0985589763266998,0.962043030661429,0.941893679614301,0.906142250096986,0.643643675592863,0.66622013028841,""
10,"rs929708",-0.171528534069877,0.0476387429336445,0.0341374559122249,0.0817761988458694,-0.0897523352240072,0.842376231254847,1.08521291074811,0.914157561865098,0.648686604321598,0.73339792030766,""
10,"rs11719939",-0.0232450721712586,0.0388729523221433,0.0352215750290121,0.0740945273511553,0.0508494551798967,0.977023013279465,1.07690859800226,1.05216448344673,0.646899237177237,0.73339792030766,""
10,"rs4639533",-0.161202176176577,0.0554889545477484,0.050900186708446,0.106389141256194,-0.0548130349203829,0.851119977528261,1.11225461646124,0.946662124168198,0.646899237177237,0.73339792030766,""
10,"rs2515029",-0.0395597097350048,-0.0141350294337333,-0.0377538739803417,-0.051888903414075,-0.0914486131490798,0.961212558529928,0.949434339897655,0.912608211009199,0.645877884523316,0.73339792030766,""
12,"rs929708",-0.176675284065951,0.0341490880496892,0.0384856436008946,0.0726347316505838,-0.104040552415367,0.838051869140967,1.07533767835084,0.901188751299626,0.647409913504197,0.775339517474962,""
12,"rs11719939",-0.0260690218175186,0.029493365462641,0.0379645979581104,0.0674579634207513,0.0413889416032327,0.974267841550811,1.06978528853863,1.04225740398735,0.645686380900705,0.775339517474962,""
12,"rs4639533",-0.167394701991627,0.0526971025381022,0.0565128218987552,0.109209924436857,-0.0581847775547693,0.845865680571184,1.1153964747432,0.94347559821536,0.647122658070282,0.775339517474962,""
12,"rs2515029",-0.0399967730443293,-0.00962993801620794,-0.0394067487730737,-0.0490366867892817,-0.089033459833611,0.960792539582255,0.952146197870814,0.914814963505887,0.64571829817114,0.775339517474962,""
15,"rs929708",-0.178429795603365,0.0397008269514127,0.0319361601144282,0.071636987065841,-0.106792808537524,0.836582786605594,1.07426530107376,0.898711859125987,0.661134339791261,0.82197095339356,""
15,"rs11719939",0.00644689219611734,0.0333383770560319,0.0307737713898909,0.0641121484459228,0.0705590406420401,1.00646771813575,1.06621196607176,1.07310792454127,0.657591522772973,0.82197095339356,""
15,"rs4639533",-0.156994819531662,0.0653274908783191,0.0401099497236061,0.105437440601925,-0.0515573789297373,0.854708486596469,1.11119658655878,0.949749152808813,0.656857425552967,0.82197095339356,""
15,"rs2515029",-0.0112703547682601,-0.0160793979294716,-0.0399687143447331,-0.0560481122742048,-0.0673184670424649,0.988792917755697,0.945493644946564,0.934897419906182,0.657814943666018,0.82197095339356,""
18,"rs929708",-0.126828461534547,0.020277640071581,0.0475853407688388,0.0678629808404199,-0.0589654806941271,0.880884765258558,1.07021865797096,0.942739311302076,0.667294372985222,0.859812969180484,""
18,"rs11719939",0.0483696037603375,0.0158184159841343,0.0474355611234176,0.0632539771075519,0.111623580867889,1.04955850441474,1.06529736601975,1.11809191023665,0.664485653186939,0.859812969180484,""
18,"rs4639533",-0.167455415441552,0.0499752973275523,0.0731989292647389,0.123174226592291,-0.0442811888492603,0.845814326706495,1.13108146825137,0.956684910519224,0.664006894130414,0.859812969180484,""
18,"rs2515029",-0.0195225696251519,0.00419157038828132,-0.0528440717007868,-0.0486525013125054,-0.0681750709376573,0.980666761657685,0.952512068888469,0.934096926036717,0.66518783313651,0.859812969180484,""
