"K","SNP","effect","point_log_HR","bootstrap_mean_log_HR","bootstrap_bias_log_HR","bootstrap_SE_log_HR","CI_2.5_log_HR","CI_97.5_log_HR","point_HR","CI_2.5_HR","CI_97.5_HR","successful_replicates"
8,"rs929708","direct_log_HR",-0.174865995269274,-0.188164492372179,-0.0132984971029049,0.163456448383298,-0.501928381714444,0.14299635563472,0.839569519518745,0.605362164094089,1.15372559706084,1000
8,"rs929708","indirect_log_HR_coordinate_1",0.0391485873651616,0.04213126536123,0.0029826779960683,0.0359122511121797,-0.0242956086731638,0.121123313108559,1.0399249918854,0.975997153886529,1.12876409519504,1000
8,"rs929708","indirect_log_HR_coordinate_2",0.042413257690061,0.0391625639985518,-0.00325069369150913,0.0258758460183047,-0.00796775206578193,0.0929948763124667,1.04332555198006,0.99206390633282,1.09745611223148,1000
8,"rs929708","indirect_log_HR",0.0815618450552226,0.0812938293597818,-0.000268015695440826,0.0549189766961124,-0.0264567901227643,0.193156527281885,1.08498031617669,0.973890124599101,1.2130726576251,1000
8,"rs929708","total_log_HR",-0.0933041502140515,-0.106870663012397,-0.0135665127983457,0.164307534949116,-0.414244249887317,0.212419802270853,0.91091640273976,0.660839521573444,1.23666693170862,1000
8,"rs11719939","direct_log_HR",-0.0241540434425872,-0.0280627225676243,-0.00390867912503715,0.159879709447394,-0.344262534175393,0.289561779026895,0.976135330928963,0.708742834407013,1.33584196577462,1000
8,"rs11719939","indirect_log_HR_coordinate_1",0.0312976794951375,0.0354075769121101,0.00410989741697269,0.037749193155606,-0.0354531560239111,0.114632201898431,1.03179260167665,0.965167945475215,1.12146089052306,1000
8,"rs11719939","indirect_log_HR_coordinate_2",0.0429818331763112,0.0395440029814704,-0.00343783019484081,0.0250731995534959,-0.00697199713115029,0.0923275505974079,1.0439189299872,0.993052250855824,1.09672399585385,1000
8,"rs11719939","indirect_log_HR",0.0742795126714486,0.0749515798935805,0.000672067222131867,0.0558892663232481,-0.0287895054325475,0.199963264210075,1.077107828711,0.971620963877361,1.22135788978917,1000
8,"rs11719939","total_log_HR",0.0501254692288615,0.0468888573259562,-0.00323661190290528,0.162207082529655,-0.25763479946118,0.362869403902959,1.05140300682499,0.772877435829322,1.43744812186818,1000
8,"rs4639533","direct_log_HR",-0.172225319201376,-0.169453172883482,0.00277214631789383,0.155756385697452,-0.48857160052461,0.135398185489751,0.841789480465133,0.613502094680651,1.14499261303749,1000
8,"rs4639533","indirect_log_HR_coordinate_1",0.0495495923512522,0.048801430363313,-0.000748161987939144,0.0384952856775069,-0.0232756012991406,0.125632262571409,1.05079770245143,0.97699318607425,1.13386512696071,1000
8,"rs4639533","indirect_log_HR_coordinate_2",0.0602783769554657,0.0560481609399725,-0.00423021601549312,0.0330652527110479,0.00089835456413215,0.129143583483709,1.06213217851704,1.00089875820546,1.13785348940514,1000
8,"rs4639533","indirect_log_HR",0.109827969306718,0.104849591303286,-0.00497837800343226,0.0649028610906474,-0.0138130896728537,0.235644555250954,1.11608605288545,0.986281873303422,1.26572433513232,1000
8,"rs4639533","total_log_HR",-0.0623973498946583,-0.0646035815801967,-0.00220623168553843,0.158150030350116,-0.384413200930847,0.24930455171771,0.939509498612821,0.68085004117829,1.28313275385368,1000
8,"rs2515029","direct_log_HR",-0.0386960988995204,-0.0220712339597688,0.0166248649397517,0.138862781602181,-0.298520591559168,0.241037271859052,0.962043030661429,0.741915004506101,1.2725684654168,1000
8,"rs2515029","indirect_log_HR_coordinate_1",-0.011583037401823,-0.0146954412176987,-0.00311240381587572,0.0342529661551022,-0.0812224197981408,0.0530634604474915,0.988483787714441,0.921988600118941,1.05449656181974,1000
8,"rs2515029","indirect_log_HR_coordinate_2",-0.0482798400253563,-0.0457980836946258,0.00248175633073053,0.0256914692351058,-0.0996948481180535,-0.00369481159568586,0.952867099411043,0.905113573009391,0.996312005821736,1000
8,"rs2515029","indirect_log_HR",-0.0598628774271793,-0.0604935249123245,-0.000630647485145193,0.053856804326187,-0.173519678002647,0.0398698595113246,0.941893679614301,0.840700607690327,1.0406753313831,1000
8,"rs2515029","total_log_HR",-0.0985589763266998,-0.0825647588720933,0.0159942174546065,0.138715441583484,-0.357812186437567,0.192010225143337,0.906142250096986,0.699204382741444,1.21168290653296,1000
10,"rs929708","direct_log_HR",-0.171528534069877,-0.183224605790139,-0.0116960717202626,0.166453266755918,-0.507881092943057,0.140692279722389,0.842376231254847,0.601769322127156,1.15107038578205,1000
10,"rs929708","indirect_log_HR_coordinate_1",0.0476387429336445,0.0484129236924274,0.000774180758782904,0.0386826862328615,-0.0288725797494616,0.135696897077028,1.04879170346506,0.971540250482139,1.14533468668649,1000
10,"rs929708","indirect_log_HR_coordinate_2",0.0341374559122249,0.0343283233497657,0.00019086743754089,0.0283606352062931,-0.0149323777169871,0.0950078389239321,1.03472682627324,0.985178557373839,1.09966747530201,1000
10,"rs929708","indirect_log_HR",0.0817761988458694,0.0827412470421932,0.000965048196323787,0.0583564887221279,-0.0304547461522014,0.204058674852682,1.08521291074811,0.970004327502185,1.22637010843066,1000
10,"rs929708","total_log_HR",-0.0897523352240072,-0.100483358747946,-0.0107310235239388,0.166470486318135,-0.42148747833461,0.221581627928982,0.914157561865098,0.656070203433683,1.24804911972784,1000
10,"rs11719939","direct_log_HR",-0.0232450721712586,-0.0265805150165191,-0.00333544284526051,0.16414156689622,-0.354271264958377,0.297191809295788,0.977023013279465,0.701684599092875,1.34607346409134,1000
10,"rs11719939","indirect_log_HR_coordinate_1",0.0388729523221433,0.042752258927975,0.0038793066058317,0.0411004631926245,-0.0370959148518707,0.129897551690503,1.03963839161588,0.963583708927884,1.13871171825812,1000
10,"rs11719939","indirect_log_HR_coordinate_2",0.0352215750290121,0.0365806041336858,0.00135902910467377,0.0288127030756884,-0.0147669967849802,0.0978141708220502,1.03584920169065,0.98534150059533,1.10275784148368,1000
10,"rs11719939","indirect_log_HR",0.0740945273511553,0.0793328630616608,0.00523833571050547,0.0605237829354547,-0.03784030246521,0.210127777166272,1.07690859800226,0.962866696051404,1.2338357059149,1000
10,"rs11719939","total_log_HR",0.0508494551798967,0.0527523480451417,0.00190289286524496,0.163619918784314,-0.259879711563175,0.376933094113068,1.05216448344673,0.771144339972049,1.45780677025335,1000
10,"rs4639533","direct_log_HR",-0.161202176176577,-0.166605017363353,-0.00540284118677603,0.160825773993528,-0.494266105361923,0.147032445461387,0.851119977528261,0.610018432314721,1.15839154696835,1000
10,"rs4639533","indirect_log_HR_coordinate_1",0.0554889545477484,0.0539209063417902,-0.00156804820595816,0.0431836661040993,-0.022443104209945,0.142954670237301,1.05705734133155,0.977806868705038,1.1536775045532,1000
10,"rs4639533","indirect_log_HR_coordinate_2",0.050900186708446,0.0516324573961511,0.000732270687705101,0.0345967615848504,-0.00819698755538794,0.130434576085495,1.05221786271326,0.991836516141478,1.13932339845858,1000
10,"rs4639533","indirect_log_HR",0.106389141256194,0.105553363737941,-0.000835777518253047,0.0692044331218986,-0.0208328722942669,0.250688925791203,1.11225461646124,0.979382632864791,1.28491031969511,1000
10,"rs4639533","total_log_HR",-0.0548130349203829,-0.061051653625412,-0.00623861870502908,0.162464107011042,-0.391152200277574,0.263473487122815,0.946662124168198,0.676277218625544,1.30144278949139,1000
10,"rs2515029","direct_log_HR",-0.0395597097350048,-0.0259444367454389,0.0136152729895659,0.140601922673187,-0.312038568913506,0.244882020306998,0.961212558529928,0.731953297040489,1.27747058872597,1000
10,"rs2515029","indirect_log_HR_coordinate_1",-0.0141350294337333,-0.0130808499108449,0.00105417952288846,0.0374929898312838,-0.0879111435425159,0.0630617488549342,0.985964401059182,0.915842251606022,1.06509260544958,1000
10,"rs2515029","indirect_log_HR_coordinate_2",-0.0377538739803417,-0.0393481698712554,-0.00159429589091374,0.027185015216923,-0.100642738209105,0.00809088244058641,0.962949918757428,0.904256031314105,1.0081237020835,1000
10,"rs2515029","indirect_log_HR",-0.051888903414075,-0.0524290197821003,-0.000540116368025284,0.0565048153729939,-0.170904732294493,0.0566384439610605,0.949434339897655,0.842901870973895,1.05827311618096,1000
10,"rs2515029","total_log_HR",-0.0914486131490798,-0.0783734565275392,0.0130751566215406,0.141273551672883,-0.367099146707709,0.201322158419563,0.912608211009199,0.692740958654088,1.22301871414005,1000
12,"rs929708","direct_log_HR",-0.176675284065951,-0.185282746811124,-0.00860746274517338,0.170440451624752,-0.514281457948057,0.142129954960209,0.838051869140967,0.597930078204061,1.15272644132245,999
12,"rs929708","indirect_log_HR_coordinate_1",0.0341490880496892,0.0418275360593514,0.00767844800966222,0.0434004735674245,-0.0476630656791789,0.130281491421241,1.03473886242793,0.953454984670913,1.13914899886794,999
12,"rs929708","indirect_log_HR_coordinate_2",0.0384856436008946,0.0354670517802528,-0.00301859182064186,0.0311674638229709,-0.0191452953124969,0.102028855203721,1.03923580856685,0.981036811836957,1.10741542596463,999
12,"rs929708","indirect_log_HR",0.0726347316505838,0.0772945878396042,0.00465985618902036,0.0630512746709633,-0.0437718680146859,0.202881539696952,1.07533767835084,0.957172294183066,1.22492735438694,999
12,"rs929708","total_log_HR",-0.104040552415367,-0.10798815897152,-0.00394760655615303,0.170628150565206,-0.432819727457023,0.221112837282043,0.901188751299626,0.648677419993263,1.24746418309072,999
12,"rs11719939","direct_log_HR",-0.0260690218175186,-0.0193902025123526,0.00667881930516601,0.170446437884659,-0.356870235640712,0.31831244680211,0.974267841550811,0.699863309156343,1.37480574778763,1000
12,"rs11719939","indirect_log_HR_coordinate_1",0.029493365462641,0.0384137167123764,0.00892035124973549,0.04580398940473,-0.051709643725202,0.132648989061991,1.0299326023229,0.949604550457521,1.14184912644686,1000
12,"rs11719939","indirect_log_HR_coordinate_2",0.0379645979581104,0.0376523872186806,-0.000312210739429816,0.0326204448466911,-0.0200834414932779,0.110133513731874,1.0386944603228,0.980116887477959,1.11642711885965,1000
12,"rs11719939","indirect_log_HR",0.0674579634207513,0.076066103931057,0.00860814051030567,0.0671380025788188,-0.0516565682348144,0.214211393542484,1.06978528853863,0.949654952522256,1.23888451930151,1000
12,"rs11719939","total_log_HR",0.0413889416032327,0.0566759014187044,0.0152869598154717,0.16732174730763,-0.251484495677762,0.38742354221282,1.04225740398735,0.777645514382943,1.47318031320609,1000
12,"rs4639533","direct_log_HR",-0.167394701991627,-0.172296036784747,-0.0049013347931203,0.165096993177771,-0.508001661909227,0.141290437009707,0.845865680571184,0.601696771795861,1.15175911288455,999
12,"rs4639533","indirect_log_HR_coordinate_1",0.0526971025381022,0.0576712264904412,0.00497412395233899,0.0457385818770142,-0.0250070173536779,0.151070075836088,1.05411030942153,0.975303067957748,1.16307815890059,999
12,"rs4639533","indirect_log_HR_coordinate_2",0.0565128218987552,0.05275475398386,-0.00375806791489521,0.03771086628277,-0.0158564548599604,0.138993875136152,1.05814018207953,0.984268596888818,1.1491170617965,999
12,"rs4639533","indirect_log_HR",0.109209924436857,0.110425980474301,0.00121605603744379,0.0710655004261507,-0.0217247489727612,0.251325513686547,1.1153964747432,0.978509533741465,1.28572853845768,999
12,"rs4639533","total_log_HR",-0.0581847775547693,-0.0618700563104458,-0.0036852787556765,0.167138449289857,-0.397668344196664,0.26309364142133,0.94347559821536,0.671884825215373,1.30094853591806,999
12,"rs2515029","direct_log_HR",-0.0399967730443293,-0.0208651066759146,0.0191316663684147,0.142306795747736,-0.306183855275252,0.255286544847575,0.960792539582255,0.736251243336677,1.29083144898498,1000
12,"rs2515029","indirect_log_HR_coordinate_1",-0.00962993801620794,-0.0106109369014026,-0.000980998885194675,0.0395586352648505,-0.0874909547993046,0.0687364231915453,0.99041628135468,0.916227159071933,1.07115384062641,1000
12,"rs2515029","indirect_log_HR_coordinate_2",-0.0394067487730737,-0.0388476873084834,0.000559061464590373,0.0298165211059276,-0.101908498903208,0.0162112707666469,0.961359597772847,0.90311218364369,1.01634338637169,1000
12,"rs2515029","indirect_log_HR",-0.0490366867892817,-0.049458624209886,-0.000421937420604306,0.0588815180811659,-0.171808911396425,0.06114765859869,0.952146197870814,0.842140081166292,1.06305587193921,1000
12,"rs2515029","total_log_HR",-0.089033459833611,-0.0703237308858006,0.0187097289478104,0.143541550708204,-0.359220653555222,0.216293009482783,0.914814963505887,0.698220269568044,1.24146608704918,1000
15,"rs929708","direct_log_HR",-0.178429795603365,-0.175310093766327,0.0031197018370383,0.178598298526585,-0.517840835544639,0.20151201583009,0.836582786605594,0.595805602428065,1.2232509353499,1000
15,"rs929708","indirect_log_HR_coordinate_1",0.0397008269514127,0.041949862737628,0.00224903578621524,0.0478557414000668,-0.0521065978366766,0.134263944262013,1.04049943823406,0.949227675832857,1.14369465145025,1000
15,"rs929708","indirect_log_HR_coordinate_2",0.0319361601144282,0.0360049938770461,0.00406883376261787,0.0379648879975014,-0.0321539864764967,0.111020243266875,1.03245159160971,0.968357456645104,1.11741752680671,1000
15,"rs929708","indirect_log_HR",0.071636987065841,0.0779548566146741,0.00631786954883311,0.0703213395755792,-0.0623785815145493,0.220216358082649,1.07426530107376,0.93952713184968,1.24634635852668,1000
15,"rs929708","total_log_HR",-0.106792808537524,-0.0973552371516531,0.0094375713858714,0.180001233654211,-0.441739483976769,0.257900278761246,0.898711859125987,0.642917103847646,1.29420975198933,1000
15,"rs11719939","direct_log_HR",0.00644689219611734,0.00694917155635252,0.000502279360235188,0.17914142870801,-0.350152733310012,0.357722901114392,1.00646771813575,0.704580468593119,1.43006929496378,1000
15,"rs11719939","indirect_log_HR_coordinate_1",0.0333383770560319,0.0391907146323899,0.00585233757635797,0.050639310038325,-0.0618918973625447,0.14158017141775,1.03390032820698,0.939984496102068,1.1520928654768,1000
15,"rs11719939","indirect_log_HR_coordinate_2",0.0307737713898909,0.0396392829220113,0.00886551153212036,0.0403247175101435,-0.031094076045691,0.124964784490705,1.03125217874804,0.969384372937658,1.13310854936956,1000
15,"rs11719939","indirect_log_HR",0.0641121484459228,0.0788299975544011,0.0147178491084783,0.0753966566829437,-0.062850672016527,0.229136551551798,1.06621196607176,0.939083694693854,1.25751374273935,1000
15,"rs11719939","total_log_HR",0.0705590406420401,0.0857791691107536,0.0152201284687135,0.177260210515672,-0.250304196872686,0.435110565601661,1.07310792454127,0.778563910338548,1.54513388816524,1000
15,"rs4639533","direct_log_HR",-0.156994819531662,-0.169046202321902,-0.0120513827902397,0.172352678095003,-0.507553727201618,0.166627225939941,0.854708486596469,0.601966353036295,1.18131382007127,1000
15,"rs4639533","indirect_log_HR_coordinate_1",0.0653274908783191,0.0654171302261451,8.9639347826076e-05,0.0536828388926438,-0.030137840083687,0.181047677941558,1.06750856646319,0.970311776473705,1.19847231862421,1000
15,"rs4639533","indirect_log_HR_coordinate_2",0.0401099497236061,0.0503455461577388,0.0102355964341328,0.0469735243728488,-0.0336582859739422,0.14652552395363,1.04092521734072,0.966901852116798,1.15780448218924,1000
15,"rs4639533","indirect_log_HR",0.105437440601925,0.115762676383884,0.0103252357819588,0.0818265459950427,-0.0297532763475394,0.282734750765465,1.11119658655878,0.970684994954241,1.32675319487038,1000
15,"rs4639533","total_log_HR",-0.0515573789297373,-0.0532835259380181,-0.00172614700828085,0.175603273616474,-0.407387178127883,0.295546852030792,0.949749152808813,0.665386517315975,1.3438610509288,1000
15,"rs2515029","direct_log_HR",-0.0112703547682601,-0.00303118597195443,0.00823916879630564,0.149561355863168,-0.293159737975472,0.285592280068347,0.988792917755697,0.745902982148135,1.33054985294982,1000
15,"rs2515029","indirect_log_HR_coordinate_1",-0.0160793979294716,-0.0105465807988686,0.00553281713060302,0.0447523134672446,-0.0991119080524153,0.0775294224680282,0.984049185485639,0.905641353792387,1.08061402632247,1000
15,"rs2515029","indirect_log_HR_coordinate_2",-0.0399687143447331,-0.0435852842739397,-0.00361656992920652,0.0365507357786212,-0.12482531007882,0.0189883537073277,0.960819498549712,0.882651079365122,1.01916977899876,1000
15,"rs2515029","indirect_log_HR",-0.0560481122742048,-0.0541318650728083,0.0019162472013965,0.0669224923198141,-0.184121450526266,0.0767381624061701,0.945493644946564,0.831834770920851,1.07975931779411,1000
15,"rs2515029","total_log_HR",-0.0673184670424649,-0.0571630510447627,0.0101554159977022,0.149611320094852,-0.360681264533318,0.238574149171953,0.934897419906182,0.697201185800827,1.26943783031071,1000
18,"rs929708","direct_log_HR",-0.126828461534547,-0.151633317629663,-0.0248048560951164,0.186930815831052,-0.498974761877631,0.235297485695508,0.880884765258558,0.607152816942515,1.26528511697405,1000
18,"rs929708","indirect_log_HR_coordinate_1",0.020277640071581,0.0322180801567182,0.0119404400851372,0.0504933323480096,-0.0680453822445692,0.133994332997717,1.02048462812407,0.934218075701973,1.14338634005329,1000
18,"rs929708","indirect_log_HR_coordinate_2",0.0475853407688388,0.0489828888395335,0.00139754807069465,0.0466237040958348,-0.0351515499064044,0.143370826268771,1.04873569721311,0.965459089935259,1.15415771431925,1000
18,"rs929708","indirect_log_HR",0.0678629808404199,0.0812009689962517,0.0133379881558318,0.0771832132113066,-0.0706277830987833,0.226874524364891,1.07021865797096,0.931808662519578,1.25467242724334,1000
18,"rs929708","total_log_HR",-0.0589654806941271,-0.0704323486334117,-0.0114668679392846,0.187888214266968,-0.432950630849868,0.299983167701712,0.942739311302076,0.648592511475651,1.34983608654113,1000
18,"rs11719939","direct_log_HR",0.0483696037603375,0.0336562440212637,-0.0147133597390738,0.186534753392701,-0.332643299078935,0.400474988904746,1.04955850441474,0.717025912348892,1.49253346613574,1000
18,"rs11719939","indirect_log_HR_coordinate_1",0.0158184159841343,0.0292539033485719,0.0134354873644376,0.0539189478777025,-0.0724147361622848,0.138789025783056,1.01594418943003,0.930145051016015,1.14888169001846,1000
18,"rs11719939","indirect_log_HR_coordinate_2",0.0474355611234176,0.0523951160489752,0.00495955492555758,0.048296557925152,-0.0364528410681914,0.156264323597893,1.04857862971529,0.96420356363427,1.16913519227195,1000
18,"rs11719939","indirect_log_HR",0.0632539771075519,0.0816490193975471,0.0183950422899952,0.083063343996269,-0.0833211192946157,0.243334882187471,1.06529736601975,0.920055652156053,1.27549569339343,1000
18,"rs11719939","total_log_HR",0.111623580867889,0.115305263418811,0.00368168255092138,0.184866781694716,-0.223533107407668,0.487477583051614,1.11809191023665,0.799688415818932,1.62820402637078,1000
18,"rs4639533","direct_log_HR",-0.167455415441552,-0.171927041410168,-0.004471625968616,0.177693403903066,-0.529773551509382,0.167748248404823,0.845814326706495,0.588738273477962,1.18263884195253,1000
18,"rs4639533","indirect_log_HR_coordinate_1",0.0499752973275523,0.0555049045474352,0.00552960721988286,0.05664840185031,-0.0483455135833193,0.169551972344483,1.05124512749123,0.95280452329318,1.18477392091139,1000
18,"rs4639533","indirect_log_HR_coordinate_2",0.0731989292647389,0.0692118973177775,-0.00398703194696143,0.0574448894929945,-0.0344624317496559,0.190735799603383,1.07594455248574,0.966124634616856,1.2101396904564,1000
18,"rs4639533","indirect_log_HR",0.123174226592291,0.124716801865213,0.00154257527292143,0.0902619275492958,-0.0494633289386101,0.321515529967611,1.13108146825137,0.95174005881466,1.37921642504621,1000
18,"rs4639533","total_log_HR",-0.0442811888492603,-0.0472102395449548,-0.00292905069569456,0.180967912121508,-0.402883998607969,0.309989789103711,0.956684910519224,0.668389628954078,1.36341119241082,1000
18,"rs2515029","direct_log_HR",-0.0195225696251519,-0.00161457757799073,0.0179079920471612,0.154187445017137,-0.322401510179733,0.298396539298019,0.980666761657685,0.724407275035886,1.3476960963994,999
18,"rs2515029","indirect_log_HR_coordinate_1",0.00419157038828132,0.00118188974259755,-0.00300968064568377,0.0478345526276546,-0.0933247813574791,0.0970787106079528,1.00420036730611,0.910897609686666,1.1019471051342,999
18,"rs2515029","indirect_log_HR_coordinate_2",-0.0528440717007868,-0.0573631950655512,-0.00451912336476448,0.0437510669504797,-0.152013314264274,0.0207391578309979,0.948527903294534,0.858976844020282,1.0209557086008,999
18,"rs2515029","indirect_log_HR",-0.0486525013125054,-0.0561813053229537,-0.00752880401044824,0.0737683980875092,-0.204610008861277,0.0888706517735683,0.952512068888469,0.814965083605167,1.09293927742584,999
18,"rs2515029","total_log_HR",-0.0681750709376573,-0.0577958829009444,0.0103791880367129,0.154998024911161,-0.363593605853274,0.25244434225405,0.934096926036717,0.695173651847635,1.2871678532997,999
